Ticker,Date,Price,Volume,Avg Volume 20D,RSI,MA20,MA40,% Above MA20,% Above MA40
VREX,2026-08-10,18.46,13227721,986770,95.53,11.57,11.06,59.53,66.88
OABI,2026-08-10,3.39,1836875,564706,88.69,2.17,2.24,56.4,51.36
RCEL,2026-08-10,7.6,955584,619054,75.46,4.99,4.62,52.38,64.66
LUNG,2026-08-10,2.28,1402573,781429,83.01,1.57,1.47,44.85,55.18
MATV,2026-08-10,12.8,1050825,555044,90.41,9.0,8.4,42.17,52.4
EMBC,2026-08-10,4.99,4007368,1517944,81.4,3.58,3.39,39.48,47.11
JELD,2026-08-10,1.87,730937,1525957,83.33,1.37,1.44,36.25,30.31
SLN,2026-08-10,15.43,16148197,1308637,74.11,11.34,10.16,36.11,51.83
REPL,2026-08-10,13.67,8847301,7818613,58.48,10.1,10.42,35.37,31.25
ERO,2026-08-10,36.54,3535764,1099529,84.61,27.55,27.35,32.61,33.59
QNST,2026-08-10,22.02,1818985,944219,77.84,16.61,15.58,32.6,41.35
MTW,2026-08-10,18.89,700702,296387,84.74,14.28,13.68,32.26,38.12
PUBM,2026-08-10,17.76,1637237,658520,82.53,13.54,13.02,31.21,36.39
BLZE,2026-08-10,19.27,4772058,2932843,69.63,14.76,13.94,30.55,38.21
IOVA,2026-08-10,6.4,17260701,20567575,61.39,4.95,4.55,29.28,40.58
VERI,2026-08-10,1.44,4100662,2256615,73.53,1.12,1.23,28.92,16.91
CRSR,2026-08-10,13.71,2944158,2070712,71.07,10.65,9.81,28.77,39.72
DCTH,2026-08-10,16.67,1442733,597384,73.77,13.0,12.77,28.26,30.49
AUTL,2026-08-10,2.07,2913275,2122342,77.78,1.62,1.6,27.86,29.29
PLTR,2026-08-10,175.23,56110728,46789320,72.63,137.3,131.08,27.63,33.68
FSLY,2026-08-10,27.75,14324024,6522782,70.72,21.82,19.98,27.17,38.87
TBI,2026-08-10,10.6,606542,335028,72.68,8.37,7.79,26.59,36.07
ZI,2026-08-10,4.23,9212732,7649830,82.01,3.35,3.1,26.17,36.3
KRO,2026-08-10,8.49,592887,517814,70.09,6.73,6.58,26.11,29.06
AVXL,2026-08-10,3.39,666861,1051469,81.68,2.72,2.66,24.66,27.66
SOPH,2026-08-10,7.67,408005,423935,63.27,6.16,5.81,24.46,31.97
KTOS,2026-08-10,62.42,4541177,4150910,73.55,50.18,50.8,24.39,22.88
SGMT,2026-08-10,9.57,1797313,1127340,82.55,7.7,7.42,24.37,29.02
PATH,2026-08-10,15.59,55007970,81211224,71.57,12.56,11.74,24.15,32.78
PLSE,2026-08-10,41.51,486677,398711,76.67,33.48,30.21,23.97,37.39
CGAU,2026-08-10,21.33,1348567,1582325,78.09,17.26,16.77,23.58,27.19
HMY,2026-08-10,19.9,2095585,2772006,83.16,16.23,15.99,22.6,24.45
ASPN,2026-08-10,6.29,1219360,1714574,58.74,5.14,5.44,22.31,15.67
ZETA,2026-08-10,27.54,7154594,9374957,71.29,22.53,21.32,22.25,29.16
GTE,2026-08-10,8.95,1756996,1597150,64.53,7.32,7.0,22.2,27.84
AEHR,2026-08-10,106.2,3071054,3489213,53.69,86.94,89.17,22.15,19.1
EOLS,2026-08-10,7.57,1395565,888739,84.17,6.2,6.51,22.11,16.26
EGO,2026-08-10,39.1,3000319,2559469,77.0,32.08,31.9,21.88,22.59
EQX,2026-08-10,11.59,12770361,16007783,76.86,9.54,9.8,21.45,18.25
CSTL,2026-08-10,32.35,381581,493158,81.16,26.66,24.71,21.32,30.93
AAOI,2026-08-10,132.81,18176616,11521532,55.53,109.61,126.43,21.17,5.05
GFI,2026-08-10,41.1,3662755,3663075,79.35,34.04,34.49,20.72,19.18
SWIN,2025-10-09,3.28,1026432,751686,77.27,2.72,3.18,20.7,3.15
BYRN,2026-08-10,4.85,851398,920462,72.59,4.02,4.9,20.66,-0.92
HOUS,2026-01-08,17.64,11481598,3321819,82.75,14.66,14.11,20.32,24.98
SVV,2026-08-10,12.29,1747251,1049808,79.52,10.23,10.06,20.18,22.22
HBM,2026-08-10,27.91,3027654,4890496,78.51,23.28,23.8,19.88,17.25
MGNI,2026-08-10,24.21,2966055,2614090,76.02,20.2,19.6,19.85,23.55
MP,2026-08-10,54.66,10509131,6998445,64.01,45.63,50.52,19.79,8.2
ZIP,2026-08-10,5.04,689143,689044,71.76,4.21,3.93,19.71,28.1
RC,2026-08-10,1.85,1910284,1357344,73.85,1.55,1.62,19.35,14.02
ZLAB,2026-08-10,23.57,1697961,735538,69.1,19.8,19.26,19.06,22.39
BHC,2026-08-10,6.35,2751569,5284694,71.43,5.34,5.11,18.82,24.21
AU,2026-08-10,97.25,2085063,2700722,74.85,81.85,82.97,18.82,17.21
GDYN,2026-08-10,7.66,1778475,2005070,81.91,6.45,6.14,18.79,24.78
GTN,2026-08-10,4.98,1908920,1345221,66.92,4.2,4.03,18.7,23.57
WGS,2026-08-10,77.88,589611,893448,73.11,65.73,65.08,18.49,19.67
CION,2026-08-10,7.48,728425,614364,76.31,6.32,6.32,18.41,18.41
CDNA,2026-08-10,47.07,1216410,1393603,70.44,39.83,33.45,18.19,40.72
ARHS,2026-08-10,9.44,1437786,1491447,71.49,8.01,7.9,17.85,19.47
DSP,2026-08-10,14.09,837265,269974,69.26,11.98,12.02,17.57,17.22
IE,2026-08-10,11.0,1822423,2145856,71.35,9.4,9.66,16.97,13.86
SA,2026-08-10,31.25,1004497,564868,69.79,26.72,26.95,16.96,15.95
UUUU,2026-08-10,14.29,6698344,7372139,63.18,12.22,13.38,16.9,6.84
HTZ,2026-08-10,2.12,71329976,39056702,57.54,1.82,2.53,16.64,-16.09
TCPC,2026-08-10,3.94,946749,813165,74.65,3.38,3.34,16.53,17.84
PGY,2026-08-10,21.6,2444026,3066472,69.18,18.57,17.61,16.33,22.66
PAY,2026-08-10,38.99,421477,1225696,66.39,33.54,28.87,16.26,35.04
DNOW,2026-08-10,16.65,4580512,2620978,74.29,14.32,13.77,16.25,20.94
JOBY,2026-08-10,8.81,40178715,46918709,62.58,7.6,8.22,15.95,7.13
VRDN,2026-08-10,23.06,2267949,1864444,76.58,19.9,19.02,15.9,21.26
ARIS,2026-08-10,17.08,2087069,1647794,66.17,14.75,15.14,15.8,12.84
RWAY,2026-08-10,6.63,1268622,617092,73.73,5.73,5.6,15.78,18.49
PAAS,2026-08-10,51.8,4508024,3796301,74.13,44.8,45.47,15.63,13.92
TPC,2026-08-10,98.52,662848,1147884,65.76,85.21,81.77,15.62,20.49
ASAN,2026-08-10,9.23,4268811,5422411,68.18,7.98,7.55,15.6,22.19
IONQ,2026-08-10,42.53,16762801,21683383,62.53,36.96,44.22,15.07,-3.81
SOUN,2026-08-10,7.46,35485974,40332703,60.18,6.48,6.59,15.04,13.19
AXGN,2026-08-10,48.22,978266,1143029,79.53,41.93,42.94,15.01,12.3
GDRX,2026-08-10,3.66,2474003,1450547,71.33,3.19,3.01,14.9,21.57
TASK,2026-08-10,7.1,572165,1066853,61.93,6.19,5.63,14.64,26.03
LUNR,2026-08-10,15.78,8772394,9498648,55.9,13.79,17.04,14.46,-7.41
SPIR,2026-08-10,14.03,610671,764349,66.17,12.26,14.72,14.4,-4.7
OWL,2026-08-10,11.65,13056631,19986811,78.97,10.19,9.67,14.34,20.54
ACDC,2026-08-10,5.1,3952708,1866798,53.3,4.46,5.09,14.29,0.19
BOOM,2026-08-10,7.46,121434,246600,63.66,6.54,6.5,14.14,14.72
CENX,2026-08-10,51.88,2241172,1973851,70.77,45.45,46.73,14.14,11.02
S,2026-08-10,22.23,6344640,6671314,74.43,19.48,17.96,14.12,23.75
UEC,2026-08-10,11.38,6828529,8347733,70.38,9.97,10.41,14.11,9.31
AG,2026-08-10,18.85,10228951,10749566,62.16,16.52,16.88,14.09,11.65
IMAX,2026-08-10,51.21,1502303,1729513,80.12,44.89,43.02,14.07,19.03
KGC,2026-08-10,27.4,8010370,7772026,74.24,24.08,24.47,13.81,11.98
PD,2026-08-10,11.88,869500,1427985,74.08,10.45,9.93,13.68,19.68
MCS,2026-08-10,29.87,352371,345896,81.29,26.28,24.63,13.66,21.26
VSCO,2026-08-10,99.97,1818209,1714379,76.7,87.96,83.97,13.65,19.06
PHR,2026-08-10,12.44,543516,733012,69.25,10.95,10.49,13.62,18.55
CRDF,2026-08-10,1.03,1035409,1714475,80.65,0.91,1.1,13.62,-6.45
UTZ,2026-08-10,14.11,3385097,7140146,57.14,12.43,9.99,13.53,41.3
SMHI,2026-08-10,9.69,83964,136175,80.31,8.56,8.05,13.21,20.43
MASS,2026-08-10,8.8,349970,306050,77.78,7.78,8.16,13.18,7.9
VSTM,2026-08-10,6.79,2292781,2214184,65.61,6.0,5.17,13.17,31.29
CLF,2026-08-10,12.49,14499270,26368850,74.4,11.05,10.91,13.06,14.51
XNCR,2026-08-10,21.58,1262093,1118643,56.72,19.13,16.83,12.78,28.22
STGW,2026-08-10,9.09,1561017,1518468,83.09,8.06,7.63,12.76,19.2
CCCS,2026-08-10,6.97,8462055,10146455,74.86,6.19,5.61,12.68,24.22
HRTG,2026-08-10,32.71,434700,341135,69.99,29.03,27.28,12.68,19.92
SOC,2026-08-10,5.09,6413687,7061503,62.03,4.52,5.67,12.61,-10.28
SGML,2026-08-10,11.76,2088026,1599659,61.72,10.45,11.65,12.54,0.91
CLAR,2026-08-10,3.78,178798,105092,74.42,3.36,3.26,12.5,15.82
HPE,2026-08-10,54.68,15670815,16715348,72.09,48.6,47.51,12.5,15.09
LAAC,2026-08-10,7.1,2763169,1968679,65.17,6.31,7.3,12.45,-2.81
CXM,2026-08-10,6.93,1710635,2980142,73.55,6.16,5.71,12.44,21.34
XRX,2026-08-10,3.25,1928518,4192087,61.04,2.89,2.96,12.34,9.63
TOST,2026-08-10,35.69,8953349,10383825,74.05,31.79,29.42,12.26,21.31
AGI,2026-08-10,33.19,4125395,5082095,68.15,29.58,30.86,12.21,7.55
VSAT,2026-08-10,84.83,1998758,2232238,63.7,75.67,73.34,12.1,15.67
TAL,2026-08-10,12.5,4539043,5285450,79.62,11.15,10.39,12.09,20.33
NN,2026-08-10,15.43,1739138,2824873,65.04,13.78,15.65,11.96,-1.42
ABEO,2026-08-10,7.45,1172663,1079484,70.0,6.65,6.37,11.95,17.0
DRD,2026-08-10,23.67,213459,299448,66.97,21.17,21.67,11.83,9.21
PCT,2026-08-10,7.25,4479593,4351171,62.23,6.49,7.21,11.67,0.58
ACAD,2026-08-10,29.39,2726316,1751216,75.58,26.33,25.2,11.63,16.63
RMAX,2026-08-10,11.4,573202,426669,56.73,10.22,10.21,11.56,11.67
HIMX,2026-08-10,14.73,2095850,1600706,57.51,13.22,14.38,11.4,2.43
NEO,2026-08-10,16.63,1945722,3119056,63.8,14.93,14.05,11.38,18.33
FORR,2026-08-10,11.62,124233,134579,73.15,10.44,9.36,11.36,24.15
LIND,2026-08-10,33.04,539510,861687,72.17,29.73,27.94,11.13,18.26
TPVG,2026-08-10,5.22,160181,224258,68.0,4.7,4.77,11.09,9.38
FA,2026-08-10,23.59,2930440,2109825,61.32,21.24,19.65,11.07,20.08
SNAP,2026-08-10,5.35,29263033,40831312,65.74,4.82,4.77,10.92,12.11
MRCC,2026-04-21,5.08,0,103375,78.7,4.58,4.52,10.88,12.5
CRGY,2026-08-10,12.21,7568736,6041916,64.3,11.01,10.55,10.87,15.72
URGN,2026-08-10,46.31,644102,848098,56.42,41.78,38.73,10.85,19.56
QURE,2026-08-10,46.06,1096663,1430084,70.05,41.56,42.05,10.82,9.54
BLFS,2026-08-10,34.64,447920,1572590,77.55,31.26,29.2,10.8,18.63
SCM,2026-08-10,8.47,151535,305923,75.74,7.65,7.94,10.78,6.66
AMCX,2026-08-10,11.85,543316,864731,64.92,10.7,10.28,10.77,15.28
DOMO,2026-08-10,4.02,1418099,2905990,61.98,3.64,3.31,10.49,21.62
BZ,2026-08-10,17.46,4366910,3001696,72.58,15.8,14.67,10.48,19.03
CNK,2026-08-10,37.75,2268091,2888526,86.33,34.18,33.01,10.45,14.36
FTEL,2026-03-11,1.91,1074684,85897,46.5,1.73,2.23,10.4,-14.46
FSK,2026-08-10,12.19,2516139,2728700,64.15,11.07,10.75,10.08,13.38
ADMA,2026-08-10,9.75,1898280,2746716,68.83,8.86,8.79,10.07,10.87
HCM,2026-08-10,12.55,44005,45010,72.17,11.4,11.06,10.06,13.49
QS,2026-08-10,6.19,16142972,26038667,52.13,5.63,6.39,10.01,-3.06
TILE,2026-08-10,37.49,556005,406101,76.42,34.08,33.82,10.0,10.86
BVN,2026-08-10,34.58,943134,893160,63.08,31.46,31.2,9.91,10.84
BBDC,2026-08-10,9.36,1356825,675297,71.7,8.53,8.45,9.77,10.77
HPK,2026-08-10,7.92,768541,439545,52.34,7.22,7.16,9.76,10.69
PTEN,2026-08-10,10.99,9593328,9359951,53.97,10.01,9.85,9.74,11.54
RIG,2026-08-10,5.72,58883688,42302653,63.48,5.21,5.24,9.72,9.25
CRDO,2026-08-10,239.94,4268553,5532655,54.45,218.73,238.61,9.7,0.56
PBT,2026-08-10,32.55,118933,149161,63.85,29.68,27.72,9.65,17.44
LYFT,2026-08-10,17.26,14081850,12667283,68.19,15.74,15.23,9.64,13.33
KNSA,2026-08-10,76.53,252137,713537,68.71,69.81,64.81,9.63,18.09
ALEC,2026-08-10,1.69,804112,774426,58.62,1.54,1.66,9.56,1.75
TEVA,2026-08-10,36.14,5591457,5539129,74.22,33.0,33.21,9.53,8.83
GSBD,2026-08-10,9.75,1515470,857350,72.17,8.9,8.99,9.51,8.44
SWN,2024-10-01,7.11,0,27510625,84.21,6.49,6.36,9.49,11.85
TFPM,2026-08-10,32.0,1069272,498485,70.71,29.23,29.35,9.48,9.02
WT,2026-08-10,22.19,1896393,2678942,58.15,20.28,19.24,9.41,15.36
SANA,2026-08-10,3.61,2419434,2445992,67.72,3.3,3.38,9.39,6.79
NXE,2026-08-10,10.3,3169610,4824643,68.17,9.42,9.63,9.37,7.0
ANGO,2026-08-10,15.75,521199,607375,72.57,14.4,13.57,9.36,16.09
ABSI,2026-08-10,9.01,2963713,2938851,58.87,8.25,8.99,9.27,0.26
ASTL,2026-08-10,4.43,1739460,1095889,60.58,4.05,4.09,9.25,8.19
ALTG,2026-08-10,7.26,185390,156180,67.96,6.65,6.76,9.21,7.41
BVS,2026-08-10,13.96,916808,841666,67.16,12.79,11.43,9.18,22.19
PNNT,2026-08-10,3.71,1153257,617513,72.29,3.4,3.39,9.17,9.38
DAN,2026-08-10,29.84,1552496,1294617,67.26,27.33,27.46,9.17,8.66
CLB,2026-08-10,12.22,622655,723949,57.4,11.2,11.33,9.11,7.83
EWTX,2026-08-10,44.58,1945949,1190812,62.74,40.86,40.46,9.1,10.18
SBH,2026-08-10,16.75,1750617,1492796,67.35,15.36,14.71,9.07,13.87
LAC,2026-08-10,3.25,14654077,9352114,57.6,2.98,3.46,9.04,-5.97
DBX,2026-08-10,34.59,5082522,4246747,73.61,31.74,29.63,8.99,16.72
SHEN,2026-08-10,13.31,423679,544829,66.54,12.21,13.25,8.98,0.49
HLMN,2026-08-10,9.08,1258609,1432855,68.24,8.34,8.16,8.88,11.24
AMRC,2026-08-10,25.28,568678,703750,56.07,23.23,25.03,8.83,1.02
DBI,2026-08-10,6.57,271623,407824,66.0,6.04,6.0,8.8,9.58
IMMR,2026-08-10,7.74,811951,729471,70.2,7.12,6.85,8.77,12.93
TG,2026-08-10,8.38,262538,160261,63.31,7.71,7.75,8.73,8.09
LFST,2026-08-10,11.9,10562519,3705462,55.84,10.95,10.48,8.72,13.55
NEOG,2026-08-10,11.4,1622399,2326559,66.08,10.49,9.89,8.67,15.24
CRK,2026-08-10,14.36,2525104,2412248,60.27,13.23,13.49,8.57,6.41
EGY,2026-08-10,5.81,1296886,1158674,59.02,5.35,5.3,8.54,9.6
ALKT,2026-08-10,19.62,693577,1331564,68.75,18.08,17.4,8.52,12.76
OII,2026-08-10,51.12,748842,1180762,62.36,47.12,43.02,8.48,18.84
CMPS,2026-08-10,13.18,1811715,3735673,59.77,12.15,12.64,8.45,4.29
NRIX,2026-08-10,25.88,898904,1069850,74.0,23.88,22.62,8.38,14.43
EGAN,2026-08-10,7.38,92350,127576,72.87,6.82,6.78,8.28,8.87
MUX,2026-08-10,19.19,788400,852628,58.78,17.73,18.08,8.26,6.15
OUST,2026-08-10,42.13,2577163,3361597,52.09,38.98,42.66,8.08,-1.25
FRSH,2026-08-10,11.98,6159673,12119085,63.24,11.09,10.45,8.06,14.66
LCUT,2026-08-10,9.27,347137,162563,66.8,8.59,8.47,7.92,9.43
SILV,2025-02-14,11.55,0,2241338,76.62,10.71,10.13,7.89,14.01
RES,2026-08-10,6.15,1165298,1392538,55.9,5.71,5.86,7.76,4.91
HAIN,2026-08-10,0.59,511510,637710,50.0,0.55,0.56,7.76,4.61
GEN,2026-08-10,29.29,5305847,4725530,74.16,27.18,26.07,7.75,12.37
NGL,2026-08-10,17.15,299451,195974,62.41,15.92,15.84,7.75,8.26
GENI,2026-08-10,7.56,5327258,7530151,62.07,7.02,6.65,7.74,13.71
GH,2026-08-10,167.21,1518483,2029607,64.26,155.26,151.41,7.7,10.43
LQDA,2026-08-10,91.03,1649443,1281027,70.04,84.53,80.13,7.68,13.6
STOK,2026-08-10,32.23,424564,759411,72.98,29.94,30.65,7.66,5.15
NMFC,2026-08-10,7.69,608714,588272,68.51,7.14,7.15,7.65,7.54
BTU,2026-08-10,24.65,2747806,2499614,59.04,22.9,23.39,7.65,5.38
NWL,2026-08-10,5.9,7559605,10508902,63.02,5.48,5.42,7.63,8.84
LILAK,2026-08-10,8.43,1369863,1300074,75.11,7.83,7.24,7.61,16.38
AURA,2026-08-10,7.7,499232,388471,66.03,7.16,7.01,7.6,9.83
GRNT,2026-08-10,5.08,1047379,745987,62.34,4.72,4.64,7.59,9.56
RRGB,2026-08-10,8.11,206796,185905,70.39,7.54,7.08,7.55,14.47
LILA,2026-08-10,8.51,578449,596602,75.0,7.91,7.3,7.52,16.5
TMCI,2026-08-10,4.67,644128,411031,59.48,4.34,4.31,7.5,8.47
EH,2026-08-10,5.69,529656,719340,57.81,5.29,5.83,7.46,-2.45
LE,2026-08-10,13.07,207259,224948,66.95,12.18,11.88,7.29,10.01
ANVS,2026-08-10,1.89,320874,610896,65.22,1.76,1.79,7.23,5.45
KRNT,2026-08-10,16.79,131959,254561,64.65,15.66,15.83,7.22,6.07
TALO,2026-08-10,15.59,1925702,2061653,56.59,14.54,14.14,7.21,10.22
CODI,2026-08-10,11.08,859220,571170,63.93,10.34,10.3,7.16,7.58
CGBD,2026-08-10,11.14,1019178,620196,63.06,10.4,10.46,7.11,6.54
TSLX,2026-08-10,18.8,749674,498929,68.93,17.56,17.18,7.05,9.42
SSYS,2026-08-10,8.86,435990,409264,58.31,8.28,8.39,7.02,5.6
VET,2026-08-10,11.46,1335057,1657063,60.5,10.71,10.17,7.01,12.73
HIPO,2026-08-10,32.43,161388,173719,64.59,30.31,28.8,7.0,12.59
UFI,2026-08-10,6.92,79395,124272,61.62,6.47,5.6,6.99,23.56
GCMG,2026-08-10,13.82,463698,570086,65.24,12.92,12.73,6.98,8.54
SIBN,2026-08-10,18.84,349441,525248,67.58,17.65,17.1,6.77,10.19
CERT,2026-08-10,8.07,2877956,3951625,71.33,7.56,6.86,6.7,17.56
GOLD,2026-08-10,43.47,336847,386753,65.61,40.74,41.44,6.69,4.91
TME,2026-08-10,9.9,13750787,6770850,72.43,9.29,8.97,6.62,10.43
NVCR,2026-08-10,17.31,1045110,1780477,54.78,16.24,16.21,6.62,6.79
FF,2026-08-10,5.16,376684,302787,56.49,4.84,4.64,6.58,11.28
INFY,2026-08-10,12.56,12543865,26561408,66.83,11.79,11.42,6.58,9.99
SMR,2026-08-10,9.18,21523353,30374111,54.1,8.61,9.28,6.56,-1.08
PBYI,2026-08-10,8.69,437946,339926,51.92,8.16,7.99,6.53,8.7
OBE,2026-08-10,10.47,686223,945138,53.61,9.83,9.31,6.52,12.5
BSBR,2026-08-10,5.76,6060176,2965353,63.37,5.41,5.28,6.51,9.17
QUAD,2026-08-10,9.83,359544,331828,63.74,9.23,8.65,6.46,13.7
IPWR,2026-08-10,4.33,182903,141202,52.44,4.07,4.68,6.4,-7.57
AOSL,2026-08-10,34.56,595928,603383,48.94,32.5,37.47,6.35,-7.76
ATAT,2026-08-10,35.62,747617,777649,77.74,33.5,32.94,6.32,8.13
ATRO,2026-08-10,75.46,461460,482617,62.55,71.0,74.31,6.29,1.54
MTUS,2026-08-10,21.72,330187,443014,67.97,20.44,19.83,6.24,9.53
RXRX,2026-08-10,3.29,13969489,18627860,60.19,3.1,3.28,6.21,0.22
BBVA,2026-08-10,28.35,1294075,1532211,69.3,26.7,25.78,6.17,9.95
SXC,2026-08-10,9.41,985319,1848013,61.9,8.87,8.62,6.14,9.22
VOC,2026-08-10,3.18,62634,165934,57.53,3.0,2.81,6.11,13.3
TVTX,2026-08-10,60.89,1370670,1645676,62.76,57.39,56.91,6.09,6.99
COTY,2026-08-10,2.85,5112158,9536482,55.21,2.69,2.38,6.07,19.58
SMWB,2026-08-10,7.42,524759,781656,65.98,7.0,6.37,6.07,16.52
MFA,2026-08-10,9.09,1464831,1562962,71.58,8.57,8.43,6.07,7.85
GOTU,2026-08-10,1.86,245100,301470,63.24,1.75,1.73,6.04,7.31
OIS,2026-08-10,8.85,942403,671722,54.19,8.35,8.19,6.03,8.03
MGTX,2026-08-10,13.02,310836,508506,56.51,12.28,12.25,6.01,6.27
SHC,2026-08-10,18.97,3221830,3094895,75.24,17.9,17.49,5.99,8.44
FNKO,2026-08-10,6.19,3317809,1236388,56.33,5.84,5.69,5.91,8.86
NRDS,2026-08-10,9.8,1492810,688559,58.99,9.25,9.11,5.91,7.54
CXW,2026-08-10,33.0,1629301,1141340,57.57,31.17,30.5,5.88,8.18
DXC,2026-08-10,10.91,2283036,4109312,69.8,10.31,9.71,5.86,12.4
WTTR,2026-08-10,20.89,1714138,2031385,52.35,19.74,19.24,5.84,8.59
MEI,2026-08-10,16.37,633941,581019,49.13,15.47,15.33,5.8,6.79
BSTZ,2026-08-10,30.32,182136,201138,61.69,28.66,29.17,5.78,3.94
FIP,2026-08-10,4.3,1416905,1577561,50.0,4.07,4.35,5.78,-1.23
LEGH,2026-08-10,28.42,102857,132720,68.28,26.89,26.24,5.7,8.32
DAKT,2026-08-10,21.28,510462,433511,67.56,20.14,20.12,5.67,5.75
DB,2026-08-10,38.27,1352912,1897944,69.18,36.23,35.59,5.63,7.54
DNLI,2026-08-10,25.0,1562888,1758847,60.32,23.69,24.3,5.55,2.9
HRZN,2026-08-10,4.75,977613,625807,57.85,4.5,4.45,5.49,6.8
YEXT,2026-08-10,5.76,683643,943564,64.62,5.46,4.98,5.47,15.56
PPBI,2025-09-02,24.49,0,1864178,71.86,23.22,22.48,5.46,8.92
KD,2026-08-10,13.63,3623069,4639580,62.24,12.93,12.28,5.41,11.02
BCRX,2026-08-10,9.84,4007602,3380122,58.02,9.34,9.55,5.35,3.01
SLM,2026-08-10,27.32,2229927,2824684,68.58,25.93,25.09,5.34,8.87
HTGC,2026-08-10,17.17,2217048,1580878,66.46,16.3,15.79,5.33,8.74
FATE,2026-08-10,2.76,1949148,2170122,47.52,2.62,2.55,5.32,8.24
CGNT,2026-08-10,9.33,403726,499889,65.4,8.86,8.76,5.32,6.53
UPWK,2026-08-10,9.83,5985076,3489973,59.41,9.33,8.91,5.31,10.32
ING,2026-08-10,35.24,1398904,2461514,68.83,33.46,32.32,5.31,9.04
PWP,2026-08-10,17.04,823915,1263652,58.56,16.18,16.06,5.31,6.11
OCSL,2026-08-10,12.73,673311,552405,63.16,12.09,11.95,5.3,6.52
ENTA,2026-08-10,13.81,147586,158326,55.86,13.12,13.39,5.24,3.14
RITM,2026-08-10,10.11,5914108,6698327,70.69,9.61,9.34,5.21,8.24
CARG,2026-08-10,37.59,1045554,1037590,59.78,35.75,34.04,5.15,10.42
EYE,2026-08-10,22.43,2683318,1799995,76.05,21.34,19.91,5.12,12.67
ABR,2026-08-10,5.36,2446542,4012281,60.32,5.1,5.12,5.1,4.71
NPWR,2026-08-10,1.57,374186,629585,52.38,1.49,1.58,5.09,-0.73
OCUL,2026-08-10,9.24,1528450,1955530,56.08,8.79,9.28,5.06,-0.4
BMR,2026-08-10,1.33,55091,84422,59.7,1.27,1.38,5.06,-3.94
SD,2026-08-10,14.37,299434,288655,56.56,13.68,13.72,5.04,4.73
AMPY,2026-08-10,4.16,265338,567738,54.19,3.96,4.0,5.04,4.12
BEKE,2026-08-10,17.65,2775445,3195202,66.07,16.81,16.02,5.02,10.2
RNGR,2026-08-10,16.58,143865,255646,54.8,15.79,15.68,5.0,5.77
IMTX,2026-08-10,9.72,238354,406393,53.98,9.26,9.49,4.99,2.39
MAG,2025-09-03,24.47,1930110,1936854,71.17,23.31,22.29,4.97,9.78
HLX,2026-08-10,10.0,1551079,1440490,54.21,9.53,9.23,4.94,8.38
CTKB,2026-08-10,4.66,1215415,773529,53.66,4.44,4.37,4.94,6.56
OBDC,2026-08-10,11.55,3943183,4278731,63.6,11.01,10.86,4.87,6.33
IVZ,2026-08-10,31.74,4142608,5267048,60.28,30.28,28.96,4.84,9.61
CGEM,2026-08-10,18.28,663795,538665,51.95,17.44,17.23,4.82,6.12
GEL,2026-08-10,15.55,737896,227291,66.77,14.84,14.53,4.78,7.05
MITK,2026-08-10,18.55,1479615,745920,50.66,17.7,18.06,4.78,2.74
SHYF,2025-07-01,12.54,0,193149,58.74,11.97,10.84,4.77,15.67
CLBT,2026-08-10,15.9,861139,1088453,63.1,15.18,14.74,4.75,7.87
ARLO,2026-08-10,14.73,3363830,1262946,63.82,14.06,13.53,4.74,8.87
NNOX,2026-08-10,1.06,717682,951322,48.28,1.01,1.19,4.74,-11.06
OPRX,2026-08-10,6.86,228114,206038,53.79,6.55,6.06,4.72,13.23
ENVX,2026-08-10,4.64,3871783,5815174,47.08,4.43,5.22,4.72,-11.09
CCU,2026-08-10,12.12,115710,165742,61.62,11.58,11.41,4.67,6.19
OSPN,2026-08-10,16.37,294883,420636,62.21,15.64,14.97,4.64,9.32
CNX,2026-08-10,35.97,1333384,1685455,66.02,34.38,33.79,4.63,6.44
CCAP,2026-08-10,11.68,192203,237530,61.51,11.17,11.05,4.6,5.73
NOV,2026-08-10,20.7,3715986,3573466,54.4,19.8,19.33,4.56,7.08
CSWC,2026-08-10,25.14,694516,718756,66.07,24.05,23.64,4.55,6.36
ARCC,2026-08-10,19.98,4825857,4680368,65.94,19.11,18.75,4.54,6.58
NWG,2026-08-10,19.18,2449401,4358345,62.07,18.36,17.87,4.49,7.34
PSEC,2026-08-10,2.29,3104527,4771590,63.49,2.19,2.2,4.49,4.22
SOFI,2026-08-10,18.12,37143176,78381219,52.95,17.35,17.58,4.41,3.08
JFIN,2026-08-10,2.5,85176,57147,51.43,2.39,2.84,4.41,-11.89
BMEZ,2026-08-10,16.12,98477,126716,77.33,15.44,15.22,4.39,5.9
ATEC,2026-08-10,9.49,1968298,2478911,64.07,9.09,9.01,4.39,5.32
AMCR,2026-08-10,47.11,2367263,3693646,65.56,45.14,43.77,4.37,7.64
KYTX,2026-08-10,7.89,553972,876094,56.23,7.56,8.08,4.34,-2.38
ACTG,2026-08-10,4.77,386529,247842,58.42,4.57,4.6,4.29,3.75
WIT,2026-08-10,1.99,3142883,8484447,69.39,1.91,2.0,4.27,-0.48
SMXT,2026-08-10,0.37,107041,188397,60.0,0.35,0.36,4.23,3.64
SPOK,2026-08-10,11.33,134714,152613,68.93,10.87,10.68,4.19,6.06
TRIN,2026-08-10,18.43,1142196,1126570,55.87,17.69,17.39,4.19,5.98
KREF,2026-08-10,7.65,932987,1275730,51.42,7.34,7.2,4.17,6.31
T,2026-08-10,24.05,42571705,75535939,65.14,23.1,22.34,4.14,7.63
AMTX,2026-08-10,1.66,511516,1041110,54.07,1.59,1.67,4.11,-0.75
ALT,2026-08-10,3.05,5257652,4554918,61.62,2.93,2.92,4.08,4.31
BIGZ,2026-08-10,8.58,317575,641431,54.33,8.25,8.53,4.06,0.57
UVE,2026-08-10,43.41,217500,234692,70.91,41.72,41.04,4.05,5.77
MTLS,2026-08-10,6.85,65659,63294,60.0,6.59,6.73,4.02,1.76
ACCO,2026-08-10,4.35,394708,655990,66.02,4.18,4.1,4.0,6.19
CSIQ,2026-08-10,15.6,1260997,2073544,51.6,15.0,15.24,3.99,2.39
GRFS,2026-08-10,8.05,272557,740470,57.01,7.74,7.5,3.98,7.39
EC,2026-08-10,17.05,2641266,2327385,55.2,16.4,15.82,3.97,7.76
WEST,2026-08-10,8.16,763389,439543,61.54,7.85,8.09,3.9,0.88
HMST,2025-08-29,13.87,292884,148544,68.75,13.36,13.28,3.84,4.42
RILY,2026-08-10,7.27,758786,551112,54.71,7.0,6.88,3.82,5.71
PFLT,2026-08-10,7.4,1331006,1180021,57.67,7.13,7.22,3.82,2.46
RLAY,2026-08-10,19.94,2669877,2193960,57.27,19.21,18.55,3.8,7.46
WDS,2026-08-10,23.07,586104,759910,57.02,22.24,21.1,3.74,9.34
YMM,2026-08-10,9.7,7996856,6666472,73.05,9.35,8.74,3.71,11.0
NVST,2026-08-10,28.19,3065969,3063315,58.51,27.19,26.63,3.69,5.84
ZYME,2026-08-10,24.16,819945,432922,50.78,23.3,23.98,3.68,0.75
NFBK,2026-07-21,15.31,0,412197,66.86,14.78,14.58,3.61,4.99
SHCO,2026-01-28,8.99,3478752,2541920,50.4,8.68,8.79,3.57,2.28
SRRK,2026-08-10,51.89,827024,1050096,52.67,50.1,51.21,3.57,1.33
BSAC,2026-08-10,35.48,172536,286530,62.06,34.26,33.55,3.55,5.74
HA,2024-09-18,18.0,0,2566290,63.35,17.39,15.47,3.52,16.38
CRBU,2026-08-10,1.66,757841,1326039,50.94,1.6,1.67,3.52,-0.85
PR,2026-08-10,21.23,8209196,8946861,51.81,20.52,19.65,3.47,8.03
COGT,2026-08-10,41.53,1616310,1879705,56.73,40.15,38.68,3.44,7.37
ROIV,2026-08-10,35.78,7739052,5038427,54.61,34.59,34.15,3.43,4.78
BILI,2026-08-10,18.99,1945972,2133356,58.73,18.36,17.79,3.42,6.75
RNA,2026-08-10,12.24,107980,129957,49.1,11.84,12.39,3.38,-1.19
SBLK,2026-08-10,28.42,1253560,1292694,60.38,27.49,26.73,3.37,6.31
RDFN,2025-07-02,11.19,33889,7463550,57.19,10.83,10.29,3.34,8.71
VIPS,2026-08-10,15.41,1457159,1874133,64.4,14.91,14.19,3.34,8.59
AISP,2026-08-10,2.03,351368,372075,47.78,1.96,2.24,3.31,-9.21
MBC,2026-08-10,9.06,1720155,1998590,58.91,8.77,9.0,3.3,0.66
INDI,2026-08-10,3.72,8201650,5416310,47.41,3.6,3.86,3.3,-3.65
CVE,2026-08-10,29.56,4943395,7395345,53.82,28.62,27.14,3.27,8.93
GNL,2026-08-10,9.25,4689039,2459133,52.14,8.96,8.93,3.27,3.6
ADT,2026-08-10,7.51,6812913,8135913,70.39,7.27,6.96,3.24,7.97
LAW,2026-08-10,4.17,214279,250156,52.94,4.04,3.87,3.24,7.81
ICL,2026-08-10,5.34,3041714,1155578,54.74,5.17,5.14,3.23,3.88
MX,2026-08-10,3.66,642590,1025787,48.02,3.55,4.17,3.2,-12.26
ECAT,2026-08-10,15.83,611600,508714,58.73,15.35,15.32,3.16,3.3
ET,2026-08-10,20.59,11680054,9854421,65.18,19.97,19.45,3.12,5.88
ELME,2026-08-10,1.62,773240,1223441,65.71,1.57,1.64,3.12,-1.35
RUM,2026-08-10,6.21,3405460,2114993,50.75,6.02,6.3,3.09,-1.47
VTS,2026-08-10,16.15,612420,458803,54.23,15.67,15.74,3.07,2.58
HNRG,2026-08-10,15.88,2195759,812649,44.56,15.41,16.27,3.02,-2.37
ADEA,2026-08-10,27.86,488521,1274211,49.82,27.04,28.83,3.01,-3.37
OSBC,2026-08-10,25.28,395130,473570,74.49,24.55,23.62,2.99,7.02
SAR,2026-08-10,19.73,98371,153028,56.0,19.16,20.0,2.97,-1.37
KEP,2026-08-10,12.26,720912,1127798,58.86,11.91,12.19,2.93,0.54
TAK,2026-08-10,17.55,3866067,4523440,54.55,17.06,16.58,2.9,5.87
KN,2026-08-10,38.26,452136,996892,54.03,37.18,38.17,2.89,0.24
KOD,2026-08-10,43.4,537245,556117,52.9,42.2,39.69,2.84,9.35
OPRA,2026-08-10,19.95,197295,336820,52.5,19.41,19.13,2.77,4.3
EYPT,2026-08-10,13.07,1752621,1640515,50.14,12.72,13.27,2.72,-1.54
ANRO,2026-08-10,28.29,417561,429103,57.01,27.55,26.2,2.69,7.96
OLMA,2026-08-10,11.94,680605,865821,54.45,11.63,11.45,2.67,4.26
PERI,2026-08-10,9.81,1179686,318759,62.5,9.56,9.3,2.63,5.52
BCAT,2026-08-10,16.08,568798,752842,64.02,15.67,15.63,2.63,2.89
ALXO,2026-08-10,2.06,506200,985510,51.06,2.01,1.95,2.54,5.45
QUIK,2026-08-10,13.76,226027,285141,47.59,13.43,15.96,2.49,-13.77
WBD,2026-08-10,26.87,13351732,24386865,63.9,26.22,26.44,2.48,1.61
AEG,2026-08-10,9.45,4075582,5309823,62.02,9.22,8.89,2.47,6.24
CTLP,2026-05-08,11.2,0,1480574,83.05,10.93,10.8,2.46,3.75
BLCO,2026-08-10,16.83,302992,443790,63.21,16.43,16.2,2.45,3.86
PAX,2026-08-10,11.2,1169291,1116234,54.01,10.93,10.95,2.45,2.28
CABA,2026-08-10,2.8,2754629,2828648,48.48,2.73,2.87,2.45,-2.35
HAYW,2026-08-10,15.43,1698750,3308274,67.97,15.06,15.44,2.44,-0.1
AMTB,2026-08-10,28.67,285063,474357,67.9,27.99,26.39,2.42,8.62
KLXE,2026-08-10,2.24,342954,194716,49.21,2.19,2.33,2.42,-3.79
MWA,2026-08-10,26.08,855225,1138730,61.96,25.47,25.52,2.4,2.21
KNOP,2026-08-10,10.7,45607,49300,58.54,10.45,10.37,2.35,3.14
COUR,2026-08-10,5.76,4123612,7358478,55.78,5.63,5.63,2.35,2.3
CGC,2026-08-10,0.95,2720322,2378874,51.85,0.93,0.94,2.32,0.58
FFWM,2026-04-01,5.9,0,884561,60.17,5.77,5.98,2.32,-1.4
ZGN,2026-08-10,14.8,568383,1083829,58.86,14.47,13.95,2.3,6.11
STEL,2026-07-01,39.32,0,796500,67.57,38.45,37.75,2.27,4.17
PRME,2026-08-10,3.15,3566252,2872847,51.26,3.08,3.3,2.26,-4.68
IREN,2026-08-10,38.74,31289624,46463827,46.37,37.89,43.37,2.25,-10.67
RSKD,2026-08-10,5.32,530707,596707,56.52,5.2,5.12,2.24,3.84
LSPD,2026-08-10,10.49,504423,878374,52.54,10.26,10.14,2.23,3.49
ISPR,2026-08-10,1.68,12245,48774,48.72,1.64,1.59,2.22,5.93
AVO,2026-08-10,13.15,894705,860277,57.74,12.86,12.55,2.22,4.75
ZVRA,2026-08-10,11.48,793881,1490034,43.04,11.23,12.33,2.22,-6.9
JWN,2025-05-20,24.66,50704421,7463079,80.16,24.13,23.94,2.2,3.0
BUR,2026-08-10,4.28,1680577,1909566,57.38,4.19,4.22,2.2,1.47
TCMD,2026-08-10,29.14,566649,217055,55.26,28.52,28.63,2.17,1.77
GLNG,2026-08-10,50.7,662525,1255284,55.98,49.65,49.96,2.12,1.48
FSCO,2026-08-10,5.01,575338,931253,61.54,4.91,4.85,2.09,3.21
LFCR,2026-08-10,4.66,100201,144043,50.62,4.56,4.89,2.09,-4.68
PHG,2026-08-10,26.94,1002853,1400285,53.83,26.39,26.77,2.08,0.63
CARS,2026-08-10,12.19,771103,750858,53.72,11.95,11.26,2.04,8.28
VYGR,2026-08-10,3.17,393305,599569,51.81,3.11,3.36,2.04,-5.6
MTG,2026-08-10,30.27,1357874,1846079,66.02,29.68,28.45,1.99,6.4
KOS,2026-08-10,2.51,11910384,15312763,52.87,2.46,2.37,1.99,5.78
BORR,2026-08-10,4.16,7504957,4026378,49.21,4.08,4.23,1.99,-1.55
NBBK,2026-08-10,22.58,300333,373127,71.51,22.15,21.46,1.93,5.23
TLK,2026-08-10,14.95,588749,817478,50.0,14.67,14.42,1.9,3.64
RCUS,2026-08-10,28.72,912399,1125343,46.1,28.19,28.19,1.9,1.87
HIMS,2026-08-10,31.77,13782909,14412168,48.15,31.19,32.57,1.86,-2.44
VLRS,2026-08-10,8.06,344200,552469,51.46,7.91,8.4,1.86,-4.02
SJT,2026-08-10,2.6,289660,206713,62.9,2.55,2.79,1.86,-6.93
HOPE,2026-08-10,14.0,898679,1085110,62.72,13.75,13.47,1.83,3.91
TROX,2026-08-10,6.22,2483809,2862818,46.98,6.11,6.4,1.83,-2.83
EB,2026-03-10,4.51,0,1944714,76.47,4.43,4.44,1.81,1.67
BUSE,2026-08-10,30.82,715883,876774,63.49,30.28,29.54,1.79,4.33
KRP,2026-08-10,15.09,1464338,784080,49.8,14.83,14.79,1.78,2.06
BCSF,2026-08-10,12.95,286553,301146,52.38,12.72,12.59,1.77,2.88
IRWD,2026-08-10,4.05,2177764,2128661,53.02,3.98,4.03,1.77,0.53
ULCC,2026-08-10,6.78,3066469,4237076,56.43,6.66,6.96,1.76,-2.6
CSTM,2026-08-10,29.38,827500,1740350,54.19,28.87,30.39,1.76,-3.33
SKYT,2026-07-31,32.46,0,813912,54.81,31.9,33.87,1.76,-4.17
ASUR,2026-08-10,8.36,96873,105402,59.27,8.22,8.16,1.72,2.48
BCS,2026-08-10,27.98,2432055,5491654,52.5,27.52,27.06,1.67,3.39
EBF,2026-08-10,22.07,120134,119486,70.3,21.71,21.27,1.66,3.75
CHWY,2026-08-10,22.59,6807229,7530314,56.91,22.22,20.85,1.65,8.35
GNE,2026-08-10,14.48,92441,73806,54.75,14.25,14.23,1.65,1.79
USAP,2025-01-23,44.99,0,206949,71.05,44.26,44.25,1.65,1.67
CCL,2026-08-10,27.75,24214277,18959099,59.95,27.3,27.84,1.65,-0.32
FBP,2026-08-10,28.93,1486764,1632830,68.17,28.46,27.27,1.64,6.1
DIBS,2026-08-10,4.56,147452,94252,47.93,4.49,4.55,1.62,0.24
AS,2026-08-10,36.17,4048324,4215007,60.66,35.6,35.17,1.61,2.83
OCCI,2026-08-10,2.46,267036,251496,55.77,2.42,2.49,1.59,-1.36
FULC,2026-08-10,3.75,1120139,1479504,53.54,3.69,3.67,1.57,2.06
SSL,2026-08-10,11.51,1027263,1119436,49.67,11.33,10.93,1.56,5.34
AMAL,2026-08-10,49.39,96793,161757,63.84,48.63,46.98,1.56,5.14
NOAH,2026-08-10,8.82,115133,108264,48.3,8.69,9.03,1.55,-2.33
IBRX,2026-08-10,7.49,5976871,9218905,40.94,7.38,7.73,1.54,-3.1
VALE,2026-08-10,14.89,19196822,22181306,63.01,14.67,14.87,1.52,0.15
LENZ,2026-08-10,5.36,440676,934260,53.68,5.28,5.6,1.52,-4.22
M,2026-08-10,24.9,4329081,4695362,57.58,24.53,24.28,1.5,2.54
FCF,2026-08-10,21.43,1135680,944970,61.19,21.11,20.56,1.49,4.25
ANAB,2026-08-10,55.47,419524,685877,55.35,54.65,58.53,1.49,-5.24
LBRT,2026-08-10,21.13,3575715,6074646,37.54,20.82,23.4,1.49,-9.71
PX,2018-10-30,164.5,57375630,7732339,60.09,162.12,161.49,1.47,1.86
BCYC,2026-08-10,4.11,202528,284976,47.97,4.05,4.11,1.44,0.1
SPTN,2025-09-22,26.9,0,824309,61.42,26.53,26.44,1.4,1.76
SSIC,2026-08-10,9.64,73029,48580,49.45,9.51,9.68,1.39,-0.4
SDHY,2026-08-10,16.29,23188,48677,59.09,16.07,16.07,1.37,1.38
JAKK,2026-08-10,25.46,188932,125820,60.44,25.12,23.89,1.35,6.56
ERIC,2026-08-10,9.98,4788337,15161363,59.15,9.85,10.59,1.35,-5.76
CELC,2026-08-10,90.79,592501,1661134,48.23,89.6,94.55,1.33,-3.98
CTOS,2026-08-10,10.65,1032336,1169912,54.31,10.52,10.69,1.28,-0.37
AORT,2026-08-10,26.31,727477,653481,59.07,25.98,24.28,1.26,8.37
LXP,2026-08-10,60.72,745581,1007638,37.28,59.97,57.03,1.26,6.47
MYE,2026-08-10,33.16,377852,469339,60.97,32.78,31.34,1.15,5.8
ACRE,2026-08-10,4.61,286265,520368,50.68,4.56,4.51,1.15,2.2
SKM,2026-08-10,33.29,1599983,2708111,53.63,32.92,33.29,1.13,0.0
SILK,2024-09-17,27.49,0,1225313,76.71,27.18,27.12,1.12,1.35
CWEN,2026-08-10,33.05,1389375,1200637,46.24,32.68,34.04,1.12,-2.9
STWD,2026-08-10,16.65,6111787,4602397,50.95,16.47,16.43,1.11,1.35
SLDB,2026-08-10,8.56,1007281,999033,51.68,8.47,8.9,1.11,-3.83
MRNS,2025-02-11,0.55,260,1233258,50.0,0.54,0.47,1.1,18.15
GBDC,2026-08-10,13.13,1185559,1068522,53.41,12.99,12.83,1.09,2.32
UMH,2026-08-10,15.68,647214,538713,53.97,15.51,15.38,1.09,1.97
GB,2025-08-15,7.49,42877,67151,73.91,7.41,7.41,1.07,1.05
GLAD,2026-08-10,19.48,138248,184547,51.38,19.28,19.15,1.03,1.7
BCH,2026-08-10,41.49,169832,285615,54.65,41.07,40.42,1.02,2.65
PRM,2026-08-10,34.54,1267621,1776967,49.44,34.2,34.66,0.99,-0.34
BMEA,2026-08-10,1.27,420627,486771,40.0,1.26,1.27,0.99,-0.37
MAT,2026-08-10,14.74,3133739,4725189,59.25,14.6,14.17,0.98,4.03
ASB,2026-08-10,31.35,1448409,1874920,54.89,31.05,30.64,0.97,2.3
CBUS,2026-08-10,1.91,215203,264941,53.52,1.89,1.69,0.95,13.3
MGNX,2026-08-10,4.08,366543,724177,38.83,4.04,4.26,0.95,-4.34
CUK,2026-05-07,27.47,0,3149903,40.05,27.21,26.23,0.94,4.74
MAX,2026-08-10,13.54,662772,1113953,43.76,13.42,12.63,0.93,7.24
PRA,2026-07-02,25.0,0,844936,69.51,24.77,24.62,0.93,1.56
SONO,2026-08-10,15.44,1203841,2228365,53.35,15.3,14.73,0.92,4.82
MFC,2026-08-10,44.15,1185209,1929218,64.73,43.75,42.25,0.91,4.5
ZUMZ,2026-08-10,19.53,425787,246500,55.76,19.36,18.66,0.9,4.67
AFCG,2026-08-10,2.77,48334,78842,56.45,2.75,2.93,0.89,-5.36
AGS,2025-06-30,12.49,1065101,506142,88.24,12.38,12.28,0.88,1.69
SDA,2026-08-10,0.8,44748,62657,53.85,0.79,0.81,0.88,-0.68
SFNC,2026-08-10,23.53,940533,1655976,62.45,23.33,22.94,0.87,2.59
SCS,2025-12-09,16.14,4045628,1532627,67.39,16.0,16.14,0.87,-0.02
CFFN,2026-08-10,8.77,701844,897988,61.06,8.7,8.48,0.86,3.39
EFC,2026-08-10,13.47,1346933,1245668,53.59,13.35,13.35,0.86,0.93
FLYW,2026-08-10,17.38,2121513,2316578,49.33,17.23,17.11,0.85,1.6
YPF,2026-08-10,50.94,1309667,1105916,48.57,50.53,49.28,0.81,3.37
BSM,2026-08-10,14.38,340027,420288,58.92,14.27,13.94,0.81,3.15
AAN,2024-10-03,10.09,2775856,1426607,55.56,10.01,9.97,0.81,1.19
NMR,2026-08-10,9.82,565178,937786,50.42,9.74,9.39,0.8,4.53
GRND,2026-08-10,16.35,1953390,1736270,60.16,16.22,15.29,0.79,6.95
PMT,2026-08-10,9.38,1049237,1450710,52.42,9.31,9.42,0.79,-0.41
FYBR,2026-01-20,38.49,0,4531418,76.39,38.19,38.09,0.78,1.05
KMPB,2026-08-10,24.66,8938,13182,75.82,24.47,24.17,0.76,2.01
KT,2026-08-10,18.3,1649061,1599629,57.05,18.16,18.07,0.75,1.28
WB,2026-08-10,7.98,540751,763213,49.09,7.92,7.69,0.74,3.81
SFL,2026-08-10,11.89,1145718,1322806,61.19,11.8,11.36,0.72,4.62
PTA,2026-08-10,19.08,43370,104009,50.0,18.95,19.01,0.7,0.35
DESP,2025-05-15,19.5,0,1849423,86.0,19.37,19.19,0.69,1.6
EARN,2026-08-10,4.36,217784,437885,57.14,4.33,4.32,0.68,0.85
VZIO,2024-12-03,11.35,0,3137651,64.06,11.27,11.24,0.67,0.94
LXFR,2026-08-10,17.08,221410,433108,64.86,16.97,17.37,0.67,-1.66
RF,2026-08-10,31.46,5152437,9923487,59.88,31.26,30.55,0.66,2.99
ASAI,2025-01-08,4.67,1542973,1256076,52.38,4.64,5.27,0.65,-11.44
IAS,2025-12-23,10.34,0,1577473,65.22,10.27,10.26,0.64,0.8
ARLP,2026-08-10,24.79,351987,340649,60.71,24.64,24.15,0.63,2.64
CCSI,2026-08-10,36.98,195487,127815,53.08,36.75,36.43,0.63,1.5
FPI,2026-08-10,9.72,543478,425698,50.39,9.66,9.65,0.63,0.71
AVPT,2026-08-10,12.99,1975879,2264933,49.76,12.91,12.1,0.62,7.38
NVRO,2025-04-02,5.84,753602,1229901,66.67,5.8,5.75,0.62,1.61
TGI,2025-07-24,26.01,6527511,1367667,71.11,25.85,25.83,0.62,0.7
OGN,2026-08-10,13.62,1463515,2465070,70.37,13.54,13.51,0.61,0.81
EDIT,2026-08-10,2.81,1463868,1496485,46.36,2.79,2.91,0.59,-3.55
MCW,2026-05-19,7.1,0,4544121,57.89,7.06,7.02,0.57,1.1
YMAB,2025-09-16,8.61,0,723781,76.92,8.56,7.58,0.56,13.64
PTVE,2025-04-01,18.01,0,891395,100.0,17.91,17.85,0.55,0.87
CWAN,2026-07-02,24.56,0,6348979,67.39,24.43,24.4,0.53,0.68
VOD,2026-08-10,15.75,3115524,4665376,55.43,15.67,14.82,0.52,6.26
SCPH,2025-10-07,5.67,0,1955037,64.29,5.64,5.4,0.52,5.0
DBRG,2026-08-10,15.93,2903161,3171267,60.98,15.85,15.8,0.52,0.84
NWBI,2026-08-10,15.49,1066731,1139802,57.14,15.41,15.07,0.5,2.82
NMRA,2026-08-10,1.62,580792,657008,50.91,1.61,1.6,0.5,1.36
DNB,2025-08-25,9.15,17828715,3879424,70.0,9.11,9.11,0.49,0.47
STR,2025-08-18,18.12,15921404,1856115,51.69,18.03,17.99,0.48,0.71
BEP,2026-08-10,32.66,906479,1092269,53.72,32.51,33.37,0.48,-2.14
AVBP,2026-08-10,30.99,471945,488759,63.16,30.84,31.97,0.47,-3.06
AES,2026-08-10,14.73,9196090,7037441,68.0,14.66,14.58,0.46,1.05
CDMO,2025-02-05,12.49,0,1408029,70.83,12.43,12.37,0.46,0.97
KALV,2026-06-12,27.0,0,3069701,86.21,26.88,25.39,0.45,6.35
ONTF,2026-04-01,8.1,0,588264,81.82,8.06,8.01,0.45,1.16
AKRO,2025-12-09,54.65,0,2275784,69.05,54.4,54.16,0.45,0.91
VGR,2024-10-07,14.99,12,2458020,70.0,14.93,14.69,0.43,2.04
VLY,2026-08-10,14.65,5934582,7433256,49.23,14.59,14.55,0.42,0.66
ASX,2026-08-10,37.59,8071740,9146499,44.0,37.43,39.07,0.42,-3.8
AVDX,2025-10-15,10.0,0,2140462,64.29,9.96,9.95,0.41,0.54
AOMR,2026-08-10,8.95,81711,98850,49.65,8.91,8.58,0.4,4.25
WBA,2025-08-28,11.98,0,35941776,52.17,11.93,11.74,0.39,2.02
KE,2026-08-10,25.14,164470,179727,51.69,25.04,25.11,0.39,0.13
STTK,2026-08-10,7.14,901804,1228330,49.05,7.11,6.59,0.38,8.32
VRNA,2025-10-07,106.91,0,1457607,72.46,106.51,106.14,0.37,0.72
MDXG,2026-08-10,4.27,1156124,1546926,47.97,4.25,4.07,0.36,4.92
NLY,2026-08-10,22.91,6743137,7725432,55.28,22.83,22.47,0.36,1.98
BRAG,2026-08-10,1.66,8490,21366,60.61,1.65,1.7,0.36,-2.38
INZY,2025-07-01,4.0,0,989212,60.0,3.99,3.37,0.35,18.69
DHT,2026-08-10,18.33,2440893,2687859,47.81,18.27,18.08,0.35,1.4
CIO,2026-01-08,6.99,1264247,345831,70.0,6.97,6.92,0.35,1.04
FUSN,2024-06-04,21.55,0,932877,60.34,21.48,21.42,0.35,0.61
AVDL,2026-02-12,21.64,200,2955211,68.42,21.57,21.53,0.35,0.49
EHAB,2026-05-14,13.8,1382540,1046759,75.0,13.75,13.8,0.34,0.01
ARQ,2026-08-10,2.07,247234,215521,50.0,2.06,2.25,0.34,-8.11
ACCD,2025-04-08,7.02,0,882539,61.54,7.0,6.97,0.33,0.78
DAWN,2026-04-23,21.53,0,1522109,66.67,21.46,19.88,0.32,8.32
EVRI,2025-07-01,14.24,0,1338095,68.75,14.2,14.14,0.31,0.74
GBTG,2026-08-10,9.45,642522,1454295,75.0,9.42,9.4,0.31,0.49
LBPH,2024-12-02,59.98,0,821762,67.21,59.8,56.53,0.3,6.1
RAPT,2026-03-04,58.02,0,4251224,71.43,57.85,52.24,0.29,11.06
TERN,2026-05-05,52.95,0,4844129,75.0,52.8,51.29,0.29,3.23
PETQ,2024-10-25,30.98,0,524181,76.19,30.89,30.79,0.29,0.63
NAPA,2024-12-24,11.09,0,1284591,75.0,11.06,11.03,0.29,0.53
SEMR,2026-04-28,12.0,0,1128828,72.73,11.97,11.95,0.29,0.44
LSEA,2025-06-25,11.31,0,675750,66.67,11.28,9.99,0.26,13.17
EVER,2026-08-10,25.55,532848,781450,43.93,25.48,24.15,0.26,5.78
TBRG,2026-07-10,26.24,0,269175,85.71,26.18,26.06,0.25,0.67
PLYM,2026-01-27,21.98,131069,1447407,60.0,21.93,21.9,0.25,0.35
JAMF,2026-01-30,13.05,0,2320341,58.82,13.02,13.01,0.25,0.34
VERV,2025-07-25,11.13,0,4148049,46.81,11.1,9.35,0.24,19.07
FARO,2025-07-21,43.99,0,678410,57.78,43.89,43.27,0.23,1.66
AY,2024-12-12,21.99,10,1030543,81.82,21.94,21.88,0.23,0.52
CCRN,2026-07-22,13.25,0,625386,77.78,13.22,13.18,0.23,0.5
PYCR,2025-04-14,22.49,0,2796222,60.0,22.44,22.36,0.22,0.57
STKL,2026-05-01,6.5,2917348,951791,54.55,6.49,6.48,0.22,0.37
TVC,2026-08-10,24.04,6571,12118,59.37,23.99,23.96,0.22,0.34
PBPB,2025-10-23,17.12,0,528250,62.5,17.08,16.2,0.21,5.71
TSVT,2025-05-13,5.0,0,728341,55.56,4.99,4.97,0.21,0.6
KW,2026-06-16,10.92,0,2323441,58.82,10.9,10.86,0.21,0.54
FOLD,2026-04-27,14.49,0,2696229,62.5,14.46,14.42,0.21,0.49
INST,2024-11-13,23.6,0,770245,63.64,23.55,23.54,0.21,0.25
REFI,2026-08-10,10.23,180965,165438,45.16,10.21,10.45,0.21,-2.1
LTRN,2026-08-10,2.81,71744,84609,44.04,2.8,3.29,0.2,-14.64
ROIC,2025-02-12,17.49,6049675,1396532,61.11,17.46,17.4,0.19,0.51
PWSC,2024-10-01,22.81,0,3780958,70.0,22.77,22.7,0.18,0.47
ALEX,2026-03-12,20.84,9026463,1308140,62.5,20.8,20.78,0.18,0.28
ITOS,2025-08-29,10.15,0,1562563,58.33,10.13,10.16,0.18,-0.07
ETNB,2025-10-30,14.84,0,5915993,62.5,14.81,13.35,0.17,11.13
PKST,2026-05-06,20.99,0,355890,77.78,20.96,20.91,0.17,0.38
MLNK,2025-10-23,20.01,8601331,1257306,65.38,19.98,19.95,0.17,0.28
ASBA,2026-08-10,24.65,9808,17977,55.22,24.61,24.6,0.17,0.22
SLCA,2024-07-31,15.49,4767680,2098251,57.89,15.47,15.44,0.16,0.32
OLO,2025-09-12,10.26,0,4884645,61.54,10.24,10.25,0.16,0.08
TBPH,2026-08-10,16.91,386107,625042,64.0,16.88,16.9,0.16,0.03
PFS,2026-08-10,24.34,859776,1071597,54.46,24.31,23.84,0.14,2.11
IRT,2026-08-10,16.73,2321037,2942948,54.85,16.71,16.66,0.14,0.42
WSR,2026-07-14,18.99,0,887594,63.16,18.96,18.92,0.14,0.35
HRT,2024-06-28,14.36,0,293516,52.94,14.34,14.33,0.14,0.18
TWO,2026-08-10,12.03,5386973,3285541,55.1,12.01,11.96,0.13,0.59
MRC,2025-11-05,13.78,1991966,651846,61.03,13.76,14.18,0.13,-2.79
CPRX,2026-07-16,31.49,0,2615387,62.96,31.45,31.37,0.12,0.37
LPRO,2026-07-31,3.14,0,1762820,60.0,3.14,2.93,0.11,7.16
VRE,2026-05-26,18.99,4322632,852992,66.67,18.97,18.94,0.11,0.27
LOVE,2026-08-10,17.3,159752,243030,48.05,17.28,16.75,0.1,3.31
GEO,2026-08-10,30.66,2148565,1552734,44.24,30.63,30.09,0.1,1.88
RKT,2026-08-10,13.76,27753017,30142722,50.95,13.75,14.12,0.1,-2.56
TH,2026-08-10,16.07,1994657,1032268,43.19,16.05,17.6,0.1,-8.71
UZD,2026-08-10,19.09,4772,4129,48.84,19.07,18.96,0.09,0.67
EWCZ,2026-05-08,5.82,0,655728,50.0,5.81,5.8,0.09,0.33
MGX,2026-08-10,1.23,133566,144213,53.33,1.23,1.23,0.08,0.18
ARR,2026-08-10,16.54,4506308,4059110,53.33,16.53,16.66,0.07,-0.7
JBI,2026-08-10,5.37,1505008,1134192,52.67,5.37,5.35,0.06,0.34
MD,2026-08-10,26.08,861829,847377,49.61,26.07,25.62,0.05,1.78
GOOD,2026-08-10,12.77,350834,450708,44.81,12.77,12.5,0.03,2.19
CATO,2026-08-10,3.32,31873,100946,46.67,3.32,3.29,0.03,0.86
AVNS,2026-08-10,24.99,0,313610,100.0,24.98,24.95,0.03,0.17
MFIC,2026-08-10,9.68,585986,570295,52.2,9.68,9.8,0.02,-1.27
HOMB,2026-08-10,30.76,1403238,1869354,56.75,30.76,29.6,0.01,3.92
NYMT,2026-08-10,7.11,0,0,50.0,7.11,7.07,0.0,0.55
ADVM,2026-08-10,4.36,0,0,50.0,4.36,4.36,0.0,0.0
AFMD,2026-08-10,0.18,0,0,50.0,0.18,0.18,0.0,0.0
APLT,2026-08-10,0.1,0,0,50.0,0.1,0.1,0.0,0.0
CFB,2026-08-10,15.99,0,0,50.0,15.99,15.99,0.0,0.0
CTBB,2026-08-10,19.4,0,0,50.0,19.4,19.4,0.0,0.0
CTDD,2026-08-10,19.55,0,0,50.0,19.55,19.55,0.0,0.0
DCPH,2026-08-10,25.59,0,0,50.0,25.59,25.59,0.0,0.0
DENN,2026-08-10,6.25,0,0,50.0,6.25,6.25,0.0,0.0
ENFN,2026-08-10,10.76,0,0,50.0,10.76,10.76,0.0,0.0
EQC,2026-08-10,1.58,0,0,50.0,1.58,1.58,0.0,0.0
FLIC,2026-08-10,11.87,0,0,50.0,11.87,11.87,0.0,0.0
FNA,2026-08-10,13.09,0,0,50.0,13.09,13.09,0.0,0.0
GIFI,2026-08-10,12.0,0,0,50.0,12.0,12.0,0.0,0.0
GLDD,2026-08-10,17.0,0,0,50.0,17.0,17.0,0.0,0.0
HBI,2026-08-10,6.47,0,0,50.0,6.47,6.47,0.0,0.0
HONE,2026-08-10,12.1,0,0,50.0,12.1,12.1,0.0,0.0
HTBK,2026-08-10,13.45,0,0,50.0,13.45,13.45,0.0,0.0
IRBT,2026-08-10,0.47,0,0,50.0,0.47,0.47,0.0,0.0
MODV,2026-08-10,0.43,0,0,50.0,0.43,0.43,0.0,0.0
MOR,2026-08-10,18.96,0,0,50.0,18.96,18.96,0.0,0.0
NOVA,2026-08-10,0.22,0,0,50.0,0.22,0.22,0.0,0.0
OLK,2026-08-10,26.08,0,0,50.0,26.08,26.08,0.0,0.0
PLYA,2026-08-10,13.48,0,0,50.0,13.48,13.48,0.0,0.0
RCM,2026-08-10,14.31,0,0,50.0,14.31,14.31,0.0,0.0
RDUS,2026-08-10,30.0,0,0,50.0,30.0,30.0,0.0,0.0
REVG,2026-08-10,63.9,0,0,50.0,63.9,63.9,0.0,0.0
SASR,2026-08-10,27.95,0,0,50.0,27.95,27.95,0.0,0.0
SAVA,2026-08-10,2.38,0,0,50.0,2.38,2.38,0.0,0.0
SLRN,2026-08-10,2.27,0,0,50.0,2.27,2.27,0.0,0.0
THRD,2026-08-10,5.38,0,0,50.0,5.38,5.38,0.0,0.0
TRML,2026-08-10,47.98,0,0,50.0,47.98,47.98,0.0,0.0
VBTX,2026-08-10,30.26,0,0,50.0,30.26,30.26,0.0,0.0
ZIMV,2026-08-10,18.99,0,0,50.0,18.99,18.99,0.0,0.0
ZYXI,2026-08-10,0.12,0,0,50.0,0.12,0.12,0.0,0.0
RGNX,2026-08-10,10.42,988260,1679987,50.94,10.42,10.8,-0.0,-3.54
SNBR,2026-08-10,0.12,0,0,50.0,0.12,0.14,0.0,-14.13
ZIM,2026-08-10,25.21,2559210,1151344,51.68,25.21,25.07,-0.01,0.57
INFN,2025-02-28,6.64,0,1319111,58.82,6.64,6.62,-0.02,0.32
TK,2026-08-10,11.18,395759,536201,47.21,11.18,11.2,-0.02,-0.14
EPM,2026-08-10,3.73,296643,291748,42.59,3.73,3.75,-0.04,-0.51
TTMI,2026-08-10,130.08,3405300,3094461,40.8,130.14,156.24,-0.04,-16.74
GATO,2025-01-16,14.4,0,785837,52.43,14.41,15.12,-0.05,-4.77
INOD,2026-08-10,62.23,1893700,1391270,48.16,62.27,71.7,-0.06,-13.21
AGNC,2026-08-10,10.76,14030302,21031847,53.38,10.77,10.67,-0.13,0.84
NCMI,2026-08-10,3.95,379104,303041,52.75,3.96,3.83,-0.14,3.08
HBAN,2026-08-10,17.6,23858153,27885649,40.89,17.62,17.6,-0.14,0.01
EGBN,2026-08-10,27.64,232584,294806,54.04,27.68,27.7,-0.14,-0.23
TBBB,2026-08-10,40.65,465560,489637,48.64,40.71,41.31,-0.14,-1.59
EBC,2026-08-10,22.94,1952345,2868839,50.0,22.98,22.3,-0.15,2.87
SLRC,2026-08-10,12.97,255741,428404,44.88,12.99,12.76,-0.15,1.64
FTHY,2026-08-10,13.47,135129,91029,44.07,13.49,13.43,-0.15,0.31
WRBY,2026-08-10,26.41,1751918,2906277,59.6,26.45,27.08,-0.16,-2.47
BE,2026-08-10,210.63,8593697,17655402,45.29,210.98,247.41,-0.17,-14.87
HLN,2026-08-10,9.93,3517950,11129324,50.31,9.95,9.65,-0.18,2.89
OEC,2026-08-10,6.88,346575,487903,46.33,6.89,6.78,-0.19,1.45
VCSA,2025-05-01,5.39,0,407601,55.56,5.4,5.36,-0.19,0.56
FBRT,2026-08-10,7.81,1031566,1283328,46.08,7.82,7.93,-0.19,-1.52
BY,2026-08-10,38.45,202339,277548,55.58,38.53,37.5,-0.2,2.54
CPNG,2026-08-10,16.19,18732691,21134215,54.92,16.23,17.12,-0.23,-5.43
SHIP,2026-08-10,16.08,306993,299408,55.96,16.12,15.32,-0.24,4.97
UZF,2026-08-10,16.71,3238,6739,44.21,16.75,16.79,-0.24,-0.46
DVAX,2026-02-11,15.5,0,2252046,22.22,15.54,14.7,-0.25,5.45
FRO,2026-08-10,38.45,1406884,1845404,50.0,38.55,38.35,-0.26,0.25
GDOT,2026-08-10,13.26,365545,340477,47.14,13.3,13.26,-0.27,0.02
CRGX,2025-08-19,4.47,0,1726197,50.0,4.48,4.46,-0.28,0.29
CCCC,2026-08-10,3.62,1928453,2640984,42.34,3.63,3.9,-0.28,-7.23
ANNX,2026-08-10,5.39,1957843,3213073,50.0,5.41,5.4,-0.3,-0.23
GAIN,2026-08-10,16.35,183708,203778,48.45,16.4,15.87,-0.31,3.01
TIGO,2026-08-10,95.88,1281295,1516505,45.81,96.18,93.27,-0.31,2.8
AM,2026-08-10,21.94,1979524,2283806,45.99,22.01,22.01,-0.32,-0.33
ONB,2026-08-10,26.52,3169477,4885951,55.32,26.61,26.14,-0.33,1.47
OSUR,2026-08-10,4.0,404564,409522,61.11,4.01,4.17,-0.35,-4.04
SATS,2026-08-10,89.15,4229982,5625546,40.99,89.46,96.29,-0.35,-7.42
BOC,2026-08-10,14.21,81976,98054,52.58,14.27,14.02,-0.39,1.33
SFB,2026-08-10,19.63,14544,13408,40.54,19.71,19.62,-0.39,0.03
MUFG,2026-08-10,22.24,1837996,3451435,51.36,22.33,21.48,-0.4,3.54
RDWR,2026-08-10,28.46,116409,287393,44.68,28.58,28.98,-0.41,-1.8
MNSO,2026-08-10,12.52,409654,665383,51.29,12.57,12.22,-0.42,2.43
CRNC,2026-08-10,8.9,828439,761982,46.25,8.94,9.73,-0.42,-8.57
ZTO,2026-08-10,23.93,1471992,1860610,48.96,24.04,23.36,-0.46,2.44
INMD,2026-08-10,15.19,459774,543226,45.41,15.26,14.78,-0.47,2.78
LAUR,2026-08-10,37.26,647672,1079303,58.97,37.44,37.54,-0.47,-0.74
TBC,2024-12-13,24.97,0,258180,32.26,25.09,24.98,-0.48,-0.02
TTEC,2026-08-10,2.33,403610,343308,59.57,2.34,2.25,-0.49,3.57
FNB,2026-08-10,18.95,4203715,6126568,46.6,19.04,18.91,-0.49,0.19
DTIL,2026-08-10,7.46,190765,298391,44.67,7.5,7.55,-0.52,-1.14
CVBF,2026-08-10,22.55,1250319,1490708,52.47,22.67,22.25,-0.53,1.35
SWVL,2026-08-10,1.4,5835,14550,51.22,1.41,1.43,-0.53,-2.15
GPRK,2026-08-10,9.66,494518,382742,40.24,9.71,9.72,-0.55,-0.6
PBR,2026-08-10,18.33,12271938,14530828,47.9,18.44,17.63,-0.58,3.96
IGMS,2025-08-14,1.27,0,480745,50.0,1.28,1.27,-0.59,-0.06
ASC,2026-08-10,16.39,505542,552954,51.16,16.49,16.23,-0.6,0.97
SHBI,2026-08-10,23.6,199744,228719,57.55,23.74,23.17,-0.61,1.84
F,2026-08-10,14.0,38944799,54583286,51.7,14.09,13.84,-0.61,1.14
HAFC,2026-08-10,31.68,203946,290118,44.59,31.88,31.79,-0.62,-0.35
DX,2026-08-10,12.78,5323751,6429744,47.2,12.86,12.86,-0.63,-0.59
FMS,2026-08-10,24.35,731659,779239,46.15,24.51,24.02,-0.65,1.37
HROW,2026-08-10,40.7,752193,514390,37.41,40.99,41.59,-0.7,-2.14
DCOM,2026-08-10,40.14,205593,352481,49.64,40.43,40.0,-0.71,0.34
DTST,2026-08-10,3.2,14290,11428,42.64,3.22,3.31,-0.71,-3.35
HBNC,2026-08-10,20.22,562595,674245,45.7,20.37,19.98,-0.73,1.18
MNR,2026-08-10,13.18,364289,259229,50.96,13.28,12.99,-0.74,1.47
RIVN,2026-08-10,16.39,17833369,25728872,40.45,16.52,16.59,-0.76,-1.23
KRNY,2026-08-10,9.46,378902,505123,47.37,9.53,9.29,-0.77,1.78
TNGX,2026-08-10,27.67,2546118,2271652,43.84,27.9,29.11,-0.81,-4.95
FLWS,2026-08-10,3.98,150075,232060,41.13,4.01,3.9,-0.82,2.04
ORC,2026-08-10,6.5,4542253,5464549,39.76,6.55,6.59,-0.82,-1.39
CMPO,2026-08-10,14.35,958135,1284266,47.34,14.47,14.7,-0.82,-2.37
CLCO,2026-01-12,9.67,0,234406,28.21,9.75,9.76,-0.86,-0.94
STKS,2026-08-10,1.79,20440,18356,48.15,1.81,1.86,-0.86,-3.54
RNW,2026-08-10,6.13,1149190,1236696,45.95,6.18,6.21,-0.89,-1.21
KVUE,2026-08-10,19.03,21038917,20646724,50.29,19.2,19.05,-0.9,-0.11
MOMO,2026-08-10,5.89,583587,458126,39.06,5.95,5.86,-0.93,0.54
KKRS,2026-08-10,16.05,78533,34120,39.51,16.2,16.23,-0.94,-1.13
CWK,2026-08-10,13.28,1498939,2139882,52.16,13.41,13.4,-0.95,-0.86
BEPC,2026-08-10,33.22,1564702,2023129,43.77,33.54,35.07,-0.96,-5.27
SOJD,2026-08-10,18.56,85616,76801,37.5,18.74,18.89,-0.97,-1.72
UZE,2026-08-10,16.62,5686,6041,43.18,16.78,16.91,-0.98,-1.7
DRCT,2026-08-10,2.56,11594,25106,43.3,2.59,2.68,-0.99,-4.47
GNW,2026-08-10,9.8,3250084,2960304,32.99,9.9,9.58,-1.0,2.27
XMTR,2026-08-10,90.53,376643,894717,35.44,91.47,91.88,-1.02,-1.46
PLCE,2026-08-10,2.62,94891,206692,47.57,2.65,2.9,-1.02,-9.51
FDUS,2026-08-10,19.84,414876,336693,50.65,20.05,19.48,-1.03,1.83
NEXT,2026-08-10,6.98,2287987,2852675,45.61,7.05,7.36,-1.04,-5.22
PANL,2026-08-10,7.33,431132,335479,44.37,7.41,7.24,-1.08,1.2
STER,2024-10-31,16.74,0,759593,49.43,16.92,16.75,-1.08,-0.05
ESI,2026-08-10,37.27,2495547,4993691,45.39,37.68,40.9,-1.08,-8.89
MLCO,2026-08-10,5.46,1245315,1994863,51.38,5.52,5.44,-1.11,0.32
KEY,2026-08-10,22.68,6993603,10362667,45.26,22.94,22.97,-1.11,-1.28
KMI,2026-08-10,31.39,6506083,10039450,42.42,31.74,31.79,-1.12,-1.26
NDMO,2026-08-10,9.98,111623,146802,28.3,10.09,10.2,-1.12,-2.19
WWW,2026-08-10,18.92,720811,781158,51.78,19.14,18.11,-1.13,4.45
AMRX,2026-08-10,17.88,1351154,1799417,47.39,18.08,17.46,-1.13,2.42
IFS,2026-08-10,58.4,102960,230647,42.26,59.1,58.12,-1.18,0.48
ACEL,2026-08-10,12.05,308014,280631,47.67,12.2,12.51,-1.22,-3.69
LADR,2026-08-10,9.63,1128971,1280967,43.53,9.75,9.83,-1.24,-2.03
ABVX,2026-08-10,127.5,754646,990366,41.44,129.13,122.61,-1.26,3.98
JRVR,2026-08-10,4.54,200028,210948,54.26,4.6,4.45,-1.27,2.01
CNNE,2026-08-10,14.65,321399,432193,47.39,14.84,14.54,-1.28,0.77
NATL,2026-08-10,46.4,747764,631214,30.94,47.01,45.53,-1.29,1.9
CMSC,2026-08-10,21.57,13749,14142,28.28,21.85,21.87,-1.29,-1.38
SBGI,2026-08-10,13.76,817869,563413,49.24,13.94,14.04,-1.29,-2.02
NUS,2026-08-10,5.15,960585,532770,46.26,5.22,5.18,-1.31,-0.61
CNOB,2026-08-10,32.58,325874,468418,43.05,33.01,32.85,-1.31,-0.82
ATOM,2026-08-10,5.37,387944,660563,42.98,5.44,6.59,-1.34,-18.52
SMFG,2026-08-10,25.32,1381167,1766949,44.42,25.67,25.13,-1.36,0.74
JBLU,2026-08-10,5.64,24508530,38486660,54.55,5.72,5.69,-1.36,-0.8
TDS,2026-08-10,33.7,1508449,1224721,49.3,34.17,35.72,-1.37,-5.65
CBL,2026-08-10,55.7,209690,289549,50.52,56.48,53.89,-1.38,3.36
DRS,2026-08-10,45.05,512031,896280,48.09,45.71,45.19,-1.44,-0.31
EPIX,2025-10-13,0.2,0,2689510,42.86,0.2,0.28,-1.48,-27.73
HFWA,2026-08-10,29.41,380338,481938,37.86,29.85,29.34,-1.49,0.26
FHN,2026-08-10,25.23,4220077,6543679,45.68,25.61,25.49,-1.49,-1.04
HG,2026-08-10,34.85,328819,426398,50.6,35.38,34.29,-1.5,1.62
GNK,2026-08-10,25.06,569100,319345,47.87,25.45,24.89,-1.55,0.67
PTLO,2026-08-10,4.48,1790782,1180571,50.0,4.55,4.54,-1.55,-1.42
PSO,2026-08-10,16.44,1260640,888212,50.0,16.7,16.3,-1.56,0.87
PAGP,2026-08-10,25.15,1214340,1494304,45.16,25.55,24.64,-1.57,2.09
SKLZ,2026-06-18,8.84,254569,322897,44.81,8.98,8.02,-1.59,10.2
SOJE,2026-08-10,16.3,66602,55892,28.57,16.57,16.62,-1.64,-1.92
CPF,2026-08-10,38.49,127864,154571,42.61,39.14,38.27,-1.65,0.57
ATXS,2026-01-23,12.58,0,767249,42.05,12.79,12.81,-1.66,-1.79
QFIN,2026-08-10,13.03,1658214,1023717,44.91,13.25,14.16,-1.7,-7.98
GSL,2026-08-10,41.88,386344,330364,48.73,42.61,40.69,-1.71,2.93
NLOP,2026-08-10,11.48,113289,141313,43.66,11.68,11.51,-1.71,-0.25
COLD,2026-08-10,14.59,2838855,4184540,41.01,14.84,14.97,-1.71,-2.51
CAAP,2026-08-10,24.99,228362,174135,51.93,25.43,25.66,-1.72,-2.61
FLGT,2026-08-10,19.06,232980,323530,45.0,19.39,19.52,-1.73,-2.35
SAND,2025-10-17,12.12,14508762,6317966,47.01,12.34,11.89,-1.77,1.94
KURA,2026-08-10,9.85,1696675,1151468,37.06,10.03,10.35,-1.77,-4.84
CMSD,2026-08-10,21.69,39017,38778,24.75,22.09,22.12,-1.81,-1.95
SRG,2026-08-10,2.41,51007,176312,43.48,2.46,2.55,-1.83,-5.37
TBB,2026-08-10,19.63,89719,121964,24.3,20.0,20.13,-1.84,-2.51
COLB,2026-08-10,31.26,2390406,3026797,33.4,31.85,31.71,-1.85,-1.42
LBTYK,2026-08-10,9.99,1368068,1500260,50.69,10.18,10.51,-1.86,-4.94
NOMD,2026-08-10,11.65,1113906,1304389,47.19,11.87,11.36,-1.89,2.57
SRI,2026-08-10,7.11,151999,152355,45.08,7.25,7.25,-1.92,-1.98
TRAK,2026-08-10,8.44,49595,58949,50.62,8.61,8.89,-1.92,-5.09
AIV,2026-08-10,2.62,1254435,935263,36.67,2.67,2.79,-1.96,-6.04
FINV,2026-08-10,4.72,696973,373858,45.98,4.82,4.8,-2.0,-1.67
VIR,2026-08-10,8.89,1485951,1594601,39.92,9.07,9.41,-2.02,-5.49
FULT,2026-08-10,24.01,1366196,1874448,39.45,24.51,24.09,-2.03,-0.33
SBRA,2026-08-10,20.67,2376009,3219171,29.79,21.11,20.17,-2.06,2.46
GDS,2026-08-10,31.41,1852967,1618459,42.64,32.07,31.8,-2.07,-1.22
BRDG,2025-08-29,9.6,5858957,736144,34.15,9.8,10.1,-2.09,-4.97
PAA,2026-08-10,23.26,4314099,2633597,43.14,23.76,22.79,-2.1,2.06
FFBC,2026-08-10,33.61,538327,1178316,25.24,34.33,33.8,-2.1,-0.58
OSW,2026-08-10,25.8,589310,942400,44.9,26.37,26.79,-2.15,-3.68
FFIC,2026-06-01,15.47,2320299,337660,48.18,15.81,15.91,-2.16,-2.77
LTH,2026-08-10,42.46,6672714,2985393,50.74,43.4,41.26,-2.17,2.9
TKC,2026-08-10,5.5,1309489,2580262,30.39,5.62,5.77,-2.17,-4.76
SUZ,2026-08-10,8.12,3047836,2405764,45.65,8.3,8.18,-2.18,-0.73
SNCY,2026-05-13,16.17,0,705806,47.96,16.53,16.69,-2.18,-3.14
PUMP,2026-08-10,11.61,2542073,4413511,36.65,11.87,12.92,-2.19,-10.13
SREA,2026-08-10,20.63,54992,59561,18.1,21.1,21.08,-2.2,-2.15
HLIT,2026-08-10,11.6,1151077,1299288,41.39,11.86,13.27,-2.2,-12.58
NU,2026-08-10,13.86,35785677,93151949,42.23,14.18,13.64,-2.24,1.61
IRS,2026-08-10,14.85,84171,137894,40.78,15.19,15.54,-2.24,-4.41
JMIA,2026-08-10,6.0,2177700,1655329,44.53,6.14,6.49,-2.26,-7.56
CTO,2026-08-10,21.47,350300,335814,31.21,21.98,21.59,-2.3,-0.57
OCFC,2026-08-10,19.0,742845,909367,39.43,19.45,19.04,-2.32,-0.23
AAL,2026-08-10,15.0,38174728,94702958,48.18,15.36,16.09,-2.32,-6.78
PK,2026-08-10,14.51,3060442,4262530,40.68,14.86,14.55,-2.34,-0.27
DNUT,2026-08-10,3.14,3958013,2885233,47.31,3.22,3.41,-2.35,-7.95
PGC,2026-08-10,45.15,156700,219088,42.2,46.25,46.27,-2.38,-2.42
PRDO,2026-08-10,31.43,883327,876960,52.96,32.2,32.9,-2.38,-4.47
CPS,2026-08-10,28.39,253260,199438,48.36,29.09,28.55,-2.41,-0.55
ARCO,2026-08-10,8.07,776507,1004959,43.95,8.27,8.29,-2.42,-2.69
AIZN,2026-08-10,18.73,18568,14963,32.53,19.2,18.98,-2.45,-1.31
LWAY,2026-08-10,29.97,108239,103892,43.14,30.76,29.71,-2.55,0.88
IEP,2026-08-10,7.43,1350620,826455,40.85,7.62,7.46,-2.55,-0.45
DLO,2026-08-10,14.37,904886,1614461,44.44,14.75,14.11,-2.56,1.83
DEA,2026-08-10,23.97,396214,350395,38.2,24.6,24.31,-2.57,-1.39
DO,2024-09-04,13.99,0,1495035,39.59,14.37,15.13,-2.62,-7.54
PCG,2026-08-10,17.04,16870024,24366729,44.19,17.5,17.2,-2.64,-0.95
TGNA,2026-03-20,20.03,0,2508248,31.41,20.57,20.14,-2.65,-0.54
BRY,2025-12-18,3.26,0,621649,39.34,3.35,3.35,-2.66,-2.61
NAVI,2026-08-10,8.47,2007407,1083017,47.41,8.7,8.49,-2.68,-0.25
RELY,2026-08-10,23.14,4191241,3191478,46.57,23.79,22.93,-2.71,0.9
IVR,2026-08-10,7.39,2480978,2909592,24.68,7.6,7.68,-2.72,-3.72
SNDX,2026-08-10,20.37,1016651,1518904,31.48,20.94,20.99,-2.73,-2.97
RGP,2026-08-10,4.2,256721,607329,39.15,4.32,4.36,-2.74,-3.64
NVRI,2026-08-10,21.87,411499,364870,50.0,22.49,22.28,-2.75,-1.82
PUK,2026-08-10,28.22,828399,1115120,45.38,29.02,28.1,-2.76,0.41
RPAY,2026-08-10,3.83,443151,434886,53.24,3.94,3.82,-2.79,0.17
SPH,2026-08-10,17.51,642992,181889,42.24,18.01,17.59,-2.79,-0.44
REZI,2026-08-10,24.21,1580058,1761048,50.67,24.91,23.49,-2.8,3.06
FIHL,2026-08-10,24.62,254183,305104,38.65,25.34,24.78,-2.82,-0.65
CDP,2026-08-10,36.47,607104,907361,36.21,37.54,36.47,-2.85,0.0
INVA,2026-08-10,20.68,877645,724401,39.08,21.29,21.97,-2.88,-5.87
TIXT,2025-10-30,4.31,289131,389834,27.03,4.44,4.47,-2.93,-3.5
LBTYA,2026-08-10,10.15,3001569,2619219,48.13,10.46,10.85,-2.93,-6.44
WEN,2026-08-10,7.3,13485537,7948510,45.35,7.52,7.5,-2.95,-2.64
HOOD,2026-08-10,94.52,11837629,19815415,33.01,97.41,101.31,-2.96,-6.7
SEAT,2026-08-10,7.35,31395,68437,52.57,7.58,7.33,-2.98,0.24
SERA,2026-08-10,2.01,30860,41771,36.73,2.07,1.99,-2.99,1.13
SVC,2026-08-10,8.09,1428590,1782212,32.39,8.34,8.39,-2.99,-3.55
CDLX,2026-08-10,3.8,18003,47462,46.43,3.92,4.34,-3.01,-12.5
DH,2026-08-10,0.7,172029,186637,44.44,0.72,0.75,-3.05,-7.04
AMSC,2026-08-10,30.99,569026,811210,39.75,31.98,35.7,-3.1,-13.19
NTGR,2026-08-10,23.08,390768,413074,42.02,23.82,23.41,-3.11,-1.42
PLRX,2026-08-10,1.04,185129,532402,30.77,1.07,1.11,-3.17,-6.35
SPRY,2026-08-10,5.91,1330159,2446535,42.77,6.11,7.49,-3.27,-21.1
ETRN,2024-07-22,12.42,0,13749728,36.3,12.85,13.41,-3.33,-7.36
ENLC,2025-01-31,14.12,56,8666757,45.75,14.61,14.58,-3.34,-3.16
PAGS,2026-08-10,9.08,1746125,2612589,38.1,9.4,9.18,-3.39,-1.06
CTRE,2026-08-10,40.42,2654220,2129945,25.81,41.84,40.57,-3.4,-0.38
LEVI,2026-08-10,23.61,2289229,2102599,42.48,24.44,24.2,-3.41,-2.45
INTT,2026-08-10,13.21,223310,170740,41.86,13.68,15.21,-3.41,-13.16
MANU,2026-08-10,21.7,276956,215301,38.1,22.47,22.42,-3.43,-3.23
AQN,2026-08-10,5.66,5598252,3793283,45.28,5.86,5.82,-3.44,-2.67
SAGE,2025-07-31,8.68,0,3784176,11.69,8.99,8.6,-3.45,0.95
TGS,2026-08-10,29.32,152024,185202,39.81,30.38,30.35,-3.49,-3.41
TITN,2026-08-10,18.29,145503,184300,44.1,18.96,19.31,-3.53,-5.26
HOWL,2026-08-10,0.38,155795,695624,52.5,0.39,0.37,-3.55,1.67
MTRX,2026-08-10,11.6,124419,189232,39.73,12.03,12.68,-3.55,-8.49
FHB,2026-08-10,27.27,1914689,2541714,22.96,28.29,28.74,-3.59,-5.1
SNDR,2026-08-10,35.26,478088,1023334,34.97,36.58,36.43,-3.6,-3.2
INTR,2026-08-10,5.35,13328366,5252951,43.98,5.55,5.55,-3.65,-3.56
SWBI,2026-08-10,14.21,368288,424230,36.54,14.76,15.0,-3.71,-5.24
AESI,2026-08-10,11.78,2061759,3810452,31.91,12.24,13.95,-3.75,-15.58
LAND,2026-08-10,8.13,737175,622822,23.58,8.45,8.51,-3.78,-4.45
FWRG,2026-08-10,12.03,1444434,1162667,44.96,12.51,12.42,-3.86,-3.13
VYX,2026-08-10,7.93,2437378,1967969,49.9,8.25,8.07,-3.9,-1.69
VIAV,2026-08-10,37.2,4491805,5354961,38.53,38.72,42.81,-3.93,-13.11
RVLV,2026-08-10,24.29,852165,904295,43.62,25.29,23.83,-3.94,1.93
PDM,2026-08-10,9.3,895363,738696,39.41,9.68,9.46,-3.94,-1.71
VTEX,2026-08-10,4.03,1248157,936745,45.68,4.2,4.03,-3.97,-0.06
AGRO,2026-08-10,9.66,613262,676420,36.07,10.06,9.93,-4.02,-2.75
METC,2026-08-10,10.18,1608317,2116317,37.22,10.61,11.37,-4.03,-10.46
EXEL,2026-08-10,52.96,3331040,2668236,41.75,55.21,54.68,-4.08,-3.15
AFYA,2026-08-10,13.44,154404,86688,40.97,14.03,14.27,-4.2,-5.82
VIRT,2026-08-10,55.67,1077921,1174419,42.24,58.11,59.96,-4.2,-7.16
ELP,2025-12-24,9.27,755876,471890,33.33,9.68,9.81,-4.23,-5.54
OTLK,2026-08-10,1.15,10222486,14630634,39.85,1.2,1.38,-4.29,-16.83
MAC,2026-08-10,24.33,5604739,3747284,39.62,25.43,25.16,-4.34,-3.29
PLOW,2026-08-10,42.66,313021,351519,40.03,44.6,46.54,-4.35,-8.34
CECO,2026-08-10,70.38,1421389,967541,34.27,73.59,81.62,-4.36,-13.78
ELEV,2025-07-23,0.36,0,1203918,25.0,0.38,0.36,-4.38,-0.55
UDMY,2026-05-11,4.63,0,1461092,43.62,4.84,4.73,-4.39,-2.15
FCPT,2026-08-10,24.49,456351,749408,27.08,25.61,25.11,-4.39,-2.48
UGP,2026-08-10,6.01,2409448,4376421,41.82,6.29,5.72,-4.5,5.12
UE,2026-08-10,21.79,1219198,824093,21.81,22.82,22.86,-4.51,-4.67
DEI,2026-08-10,11.54,2592874,2029607,34.32,12.09,11.97,-4.52,-3.59
PSTL,2026-08-10,22.48,231427,251652,26.82,23.54,23.76,-4.52,-5.39
ACI,2026-08-10,12.13,7018208,10664394,31.1,12.71,13.33,-4.54,-9.0
NTCT,2026-08-10,38.64,848103,542338,36.08,40.57,41.14,-4.75,-6.07
IGIC,2026-08-10,26.45,141832,106310,33.27,27.79,27.16,-4.82,-2.6
TNYA,2026-08-10,0.74,2381969,1864457,33.33,0.78,0.77,-4.82,-4.3
ARQT,2026-08-10,25.92,2094876,1519882,36.0,27.24,26.94,-4.86,-3.77
DOC,2026-08-10,20.9,4271054,6269114,29.47,21.97,21.47,-4.88,-2.67
CYRX,2026-08-10,14.82,614210,640500,33.49,15.58,15.47,-4.91,-4.21
ALAR,2026-08-10,1.86,106417,162343,33.67,1.96,4.35,-4.91,-57.28
CMRE,2026-08-10,14.43,308892,370339,34.52,15.19,15.01,-4.98,-3.86
ACIC,2026-08-10,9.95,259224,284350,46.67,10.47,10.74,-4.98,-7.31
PHUN,2026-08-10,2.04,96363,102344,37.5,2.15,2.07,-5.03,-1.52
ITUB,2026-08-10,7.88,14851600,18395559,33.54,8.3,8.2,-5.03,-3.85
RLGT,2026-08-10,8.32,86364,112868,25.81,8.76,9.01,-5.03,-7.7
TFSL,2026-08-10,17.21,1007546,1005895,31.73,18.14,17.69,-5.11,-2.73
NCLH,2026-08-10,18.55,13726587,14837603,45.24,19.56,19.85,-5.15,-6.55
VRCA,2026-08-10,5.12,22270,35197,43.39,5.4,5.73,-5.16,-10.72
DRH,2026-08-10,12.13,2656548,2845873,34.44,12.79,12.4,-5.19,-2.17
TRTX,2026-08-10,7.92,892982,820105,24.67,8.35,8.37,-5.19,-5.32
MIR,2026-08-10,15.07,4163919,4436865,42.13,15.89,16.68,-5.19,-9.64
NAMS,2026-08-10,27.98,901788,1049274,22.26,29.52,31.28,-5.21,-10.55
APLE,2026-08-10,15.71,3633659,3250532,22.17,16.58,16.49,-5.22,-4.73
ACVA,2026-08-10,7.26,7164522,3120190,38.64,7.68,7.22,-5.44,0.58
VTRS,2026-08-10,16.28,12907405,10466996,32.05,17.22,16.7,-5.44,-2.54
RWT,2026-08-10,4.57,1977220,2036384,31.45,4.83,4.84,-5.45,-5.65
UNFI,2026-08-10,46.3,349051,490576,37.32,49.0,48.87,-5.52,-5.26
BWMX,2026-08-10,16.13,121706,96624,31.44,17.07,17.3,-5.53,-6.74
SRAD,2026-08-10,13.34,2160231,3003011,37.04,14.12,14.71,-5.54,-9.33
KIM,2026-08-10,24.11,5131200,4704944,20.82,25.53,25.36,-5.55,-4.92
BAND,2026-08-10,52.71,934695,1289612,33.75,55.83,58.25,-5.58,-9.5
BGS,2026-08-10,3.4,3086427,2317209,37.11,3.6,3.76,-5.61,-9.53
GOOS,2026-08-10,8.69,620200,832845,27.47,9.22,9.41,-5.73,-7.69
TU,2026-08-10,9.59,7191674,9730654,41.09,10.18,10.57,-5.75,-9.31
BRSP,2026-08-10,4.9,948007,1493197,27.43,5.2,5.29,-5.76,-7.36
BRX,2026-08-10,29.81,1904844,2309281,16.67,31.64,31.48,-5.77,-5.3
ARRY,2026-08-10,5.32,5053239,7730718,41.22,5.65,6.47,-5.77,-17.82
SAFE,2026-08-10,15.46,317040,294547,35.36,16.41,16.08,-5.78,-3.83
AMX,2026-08-10,23.89,1590121,2264577,19.78,25.37,25.68,-5.82,-6.96
HLF,2026-08-10,11.52,1893856,1586689,44.51,12.24,12.38,-5.9,-6.98
GAMB,2026-07-22,1.84,272916,586997,31.03,1.96,2.17,-5.91,-15.24
YOU,2026-08-10,51.21,1841369,1408850,36.7,54.44,54.14,-5.93,-5.4
EXAI,2024-11-20,4.84,0,807033,49.61,5.15,5.03,-5.95,-3.68
BOWL,2026-08-10,6.55,49770,78215,25.58,6.97,7.33,-6.05,-10.68
UGI,2026-08-10,33.99,1306704,1269196,23.18,36.19,35.53,-6.07,-4.34
APEI,2026-08-10,47.39,550266,368007,46.63,50.45,52.62,-6.07,-9.95
DLX,2026-08-10,24.48,438895,392325,40.86,26.07,24.91,-6.1,-1.74
XPEV,2026-08-10,12.0,4473116,6739754,32.82,12.78,12.99,-6.13,-7.64
TCRX,2026-08-10,0.77,456476,568700,29.27,0.82,0.9,-6.15,-14.61
CUZ,2026-08-10,29.37,1561102,1718963,27.5,31.3,30.34,-6.16,-3.19
ASLE,2026-08-10,5.8,1467348,392312,40.96,6.18,6.26,-6.16,-7.29
BANC,2026-08-10,18.95,2941079,3967508,26.24,20.21,20.29,-6.21,-6.6
ARI,2026-08-10,6.65,2104044,5841148,40.0,7.1,8.65,-6.31,-23.16
HDSN,2026-08-10,5.7,599496,464778,43.3,6.09,5.98,-6.33,-4.73
LOCO,2026-08-10,15.2,355256,237290,37.89,16.23,16.24,-6.33,-6.41
BAK,2026-08-10,2.23,1001301,1530453,44.58,2.38,2.59,-6.34,-13.79
HR,2026-08-10,19.64,4171740,4007906,24.08,20.97,20.71,-6.35,-5.15
CLDT,2026-08-10,12.45,378052,347764,32.76,13.3,13.13,-6.38,-5.21
GTX,2026-08-10,29.01,3037235,2187226,32.82,30.99,32.31,-6.4,-10.21
OUT,2026-08-10,30.04,2248843,1789804,24.61,32.15,32.25,-6.57,-6.86
UMC,2026-08-10,18.79,9060418,16305432,38.53,20.11,22.36,-6.58,-15.95
PRMW,2024-11-08,24.21,11422362,2430770,24.43,25.92,25.13,-6.59,-3.66
STNE,2026-08-10,10.37,2503036,3319269,34.28,11.1,11.0,-6.59,-5.74
TAC,2026-08-10,12.26,943062,1579206,26.43,13.13,13.46,-6.61,-8.93
VRA,2026-08-10,3.39,74095,115365,29.41,3.63,3.73,-6.61,-9.21
SBS,2026-08-10,5.21,5792741,5804636,32.33,5.58,5.62,-6.62,-7.28
BNL,2026-08-10,20.46,4287420,2098190,3.15,21.91,21.44,-6.63,-4.56
OSCR,2026-08-10,27.67,6399254,5288913,38.57,29.64,29.76,-6.63,-7.01
BALY,2026-08-10,13.02,36504,46327,36.83,13.95,13.86,-6.65,-6.04
PEB,2026-08-10,17.72,2120882,2318395,25.78,18.99,18.8,-6.67,-5.76
BKD,2026-08-10,13.69,8394527,4931592,30.47,14.67,14.72,-6.69,-7.01
AAT,2026-08-10,22.54,400636,411170,20.93,24.16,24.44,-6.69,-7.77
HPP,2026-08-10,13.64,475808,801239,44.43,14.62,14.89,-6.7,-8.41
ERII,2026-08-10,7.99,913762,853514,38.79,8.57,8.7,-6.82,-8.17
SHO,2026-08-10,10.8,3098096,2436874,18.56,11.6,11.54,-6.86,-6.4
BMBL,2026-08-10,2.73,5503058,2455028,44.53,2.93,2.97,-6.87,-8.21
TWI,2026-08-10,7.08,723076,494763,37.02,7.6,7.56,-6.88,-6.32
HST,2026-08-10,22.67,13117652,9993802,33.7,24.35,24.19,-6.9,-6.28
CX,2026-08-10,11.3,10507306,7385208,19.3,12.14,12.27,-6.9,-7.89
TGTX,2026-08-10,49.16,1910544,2348719,37.69,52.81,53.55,-6.91,-8.2
NTST,2026-08-10,20.03,1430528,1304850,22.29,21.52,21.16,-6.95,-5.36
SPNT,2026-08-10,22.68,477205,694564,35.14,24.4,24.11,-7.06,-5.95
HCSG,2026-08-10,21.79,720356,820290,27.44,23.45,23.56,-7.1,-7.52
LFMD,2026-08-10,3.62,2230298,1096834,38.42,3.9,4.25,-7.11,-14.86
MXL,2026-08-10,68.44,2934535,4068338,38.12,73.7,83.77,-7.14,-18.3
RIOT,2026-08-10,19.4,18723718,18780055,43.98,20.89,23.12,-7.15,-16.1
AQNU,2024-06-14,19.34,3046555,318115,19.29,20.85,21.06,-7.24,-8.16
EE,2026-08-10,35.51,407910,321325,30.1,38.33,37.67,-7.36,-5.73
NMRK,2026-08-10,14.19,1260796,1415566,36.75,15.32,15.27,-7.4,-7.04
CMP,2026-08-10,27.02,716764,466601,36.68,29.19,29.62,-7.44,-8.76
AROC,2026-08-10,33.13,2179824,1814767,19.7,35.82,36.94,-7.51,-10.32
KRG,2026-08-10,26.41,2605123,3080173,14.67,28.56,28.45,-7.52,-7.17
RUN,2026-08-10,9.87,9363548,9896046,37.75,10.68,11.82,-7.54,-16.47
AKR,2026-08-10,20.26,1159389,1449710,21.53,21.91,21.62,-7.55,-6.28
VFC,2026-08-10,14.9,5301725,8737166,37.85,16.13,16.53,-7.63,-9.85
IZM,2026-08-10,0.25,82220,265677,28.57,0.27,0.32,-7.75,-20.63
LXU,2026-08-10,10.09,1265966,924449,30.99,10.94,11.02,-7.77,-8.46
DOLE,2026-08-10,12.98,2859105,991285,33.77,14.08,14.06,-7.82,-7.71
NXDT,2026-08-10,4.73,161489,189051,24.62,5.13,5.04,-7.84,-6.22
FLO,2026-08-10,7.14,5001719,4975063,21.9,7.75,7.86,-7.84,-9.2
VSTS,2026-08-10,13.87,3664435,1329998,12.85,15.08,14.46,-8.0,-4.09
KMT,2026-08-10,31.59,1923353,1259298,36.94,34.34,34.55,-8.0,-8.56
MITT,2026-08-10,6.32,1288366,229484,37.85,6.88,7.0,-8.12,-9.72
PENN,2026-08-10,18.85,3189516,2686781,29.12,20.53,20.84,-8.18,-9.56
IMXI,2026-08-10,11.82,588417,399448,33.06,12.88,13.62,-8.22,-13.2
MRTN,2026-08-10,14.68,645805,729975,8.45,16.01,16.65,-8.33,-11.84
SITC,2026-08-10,3.02,776561,834632,33.0,3.3,3.38,-8.53,-10.59
INN,2026-08-10,6.21,943646,870563,23.18,6.79,6.71,-8.55,-7.4
COCO,2026-08-10,62.78,897942,1166853,23.01,68.69,72.14,-8.61,-12.98
AGL,2026-08-10,96.78,395133,420970,34.21,105.92,108.85,-8.63,-11.09
BGC,2026-08-10,10.29,2236842,2425937,26.96,11.27,11.36,-8.73,-9.44
RLJ,2026-08-10,10.99,2817770,1829991,26.24,12.04,11.71,-8.76,-6.12
XHR,2026-08-10,18.89,668143,717501,25.39,20.72,20.35,-8.83,-7.17
BBAR,2026-08-10,17.27,466879,459033,31.36,18.96,19.48,-8.92,-11.32
BTSG,2026-08-10,61.45,2350793,4755415,34.44,67.47,67.84,-8.93,-9.41
LOMA,2026-08-10,10.33,299084,355169,35.38,11.35,11.51,-9.01,-10.28
LEG,2026-08-10,9.46,1746895,1886132,34.41,10.4,10.78,-9.08,-12.21
VSH,2026-08-10,33.14,2978198,5721662,39.53,36.46,45.02,-9.1,-26.39
CHGG,2026-08-10,0.85,1260491,1395211,44.12,0.94,0.98,-9.33,-13.29
XPER,2026-08-10,6.81,584230,422381,34.62,7.51,7.74,-9.35,-12.02
MQ,2026-08-10,15.6,973903,1184684,35.44,17.23,16.59,-9.45,-5.99
EHTH,2026-08-10,1.26,222192,217618,37.33,1.39,1.51,-9.48,-16.61
AVD,2026-08-10,2.29,225721,159239,38.68,2.53,2.64,-9.49,-13.14
MRVI,2026-08-10,6.07,2242425,2623894,19.88,6.71,6.23,-9.5,-2.51
ATNM,2026-08-10,0.77,177030,105941,25.93,0.85,0.92,-9.57,-16.28
UNIT,2026-08-10,9.39,1340846,2398590,25.86,10.38,10.89,-9.58,-13.8
TIMB,2026-08-10,18.39,378310,573151,12.13,20.35,20.97,-9.62,-12.31
VIV,2026-08-10,11.93,683436,1343892,17.28,13.21,13.2,-9.69,-9.6
SHLS,2026-08-10,8.56,2680611,6226548,34.2,9.48,9.74,-9.74,-12.13
FLNC,2026-08-10,12.65,5114561,8525910,37.27,14.02,16.93,-9.8,-25.27
BYND,2026-08-10,0.52,36112942,29543531,35.48,0.58,0.64,-9.96,-18.11
GPRE,2026-08-10,15.09,2296536,1562573,29.52,16.76,16.1,-9.98,-6.26
WU,2026-08-10,7.03,8041973,13654417,29.55,7.81,7.67,-10.0,-8.37
OFIX,2026-08-10,10.26,393469,384525,37.0,11.4,10.73,-10.03,-4.34
CLVT,2026-08-10,1.89,4502135,5711677,37.84,2.1,2.14,-10.17,-11.72
PRVA,2026-08-10,22.37,1294021,1354299,21.03,24.91,25.18,-10.19,-11.17
LMND,2026-08-10,52.68,775614,1626360,27.87,58.67,61.57,-10.21,-14.44
BXMT,2026-08-10,14.17,2010029,2517620,15.34,15.82,16.53,-10.41,-14.27
GME,2026-08-10,18.79,8496424,6233451,24.14,20.99,21.4,-10.47,-12.2
SUPV,2026-08-10,8.48,1034552,463214,35.42,9.48,9.77,-10.54,-13.16
HE,2026-08-10,11.68,5587725,1794763,12.18,13.09,13.23,-10.76,-11.71
SIGA,2026-08-10,2.93,1019669,808427,23.58,3.28,3.61,-10.79,-18.94
EZPW,2026-08-10,27.18,1050422,953409,25.7,30.49,31.78,-10.84,-14.47
CSAN,2026-08-10,2.72,1612244,1024321,37.84,3.06,2.96,-11.01,-8.16
APM,2026-07-17,0.7,195145,62134,37.04,0.79,0.86,-11.28,-19.05
FVRR,2026-08-10,9.09,1103703,953542,34.84,10.26,10.4,-11.4,-12.6
ZNTL,2026-08-10,4.15,823672,1157185,34.31,4.69,4.46,-11.55,-6.85
PSFE,2026-08-10,7.14,307610,250785,37.4,8.08,7.75,-11.6,-7.83
MBI,2026-08-10,5.03,537865,480933,11.52,5.69,6.04,-11.6,-16.69
ELAN,2026-08-10,22.28,22250831,7884043,30.3,25.24,24.81,-11.73,-10.21
EVCM,2026-08-10,10.22,287982,179420,38.21,11.58,10.57,-11.75,-3.29
NEWT,2026-08-10,12.88,432201,230044,27.78,14.71,14.48,-12.43,-11.08
ATEN,2026-08-10,28.33,1413698,1426605,24.62,32.5,33.87,-12.83,-16.35
VITL,2026-08-10,11.26,1735311,1641086,32.58,12.92,12.26,-12.86,-8.14
DRVN,2026-08-10,12.53,770255,699242,34.74,14.38,14.16,-12.88,-11.49
ESRT,2026-08-10,4.64,2433019,1915561,25.95,5.33,5.35,-12.95,-13.24
RXO,2026-08-10,21.33,1186269,2272005,22.8,24.51,25.6,-12.98,-16.68
VINC,2026-08-10,0.01,0,6053,50.0,0.01,0.01,-13.04,-6.98
VCYT,2026-08-10,46.27,749390,1347806,25.32,53.69,54.72,-13.83,-15.44
CMTG,2026-08-10,1.77,451443,709308,26.42,2.06,2.24,-13.89,-20.89
GT,2026-08-10,6.03,13293779,9139815,28.42,7.01,6.75,-13.97,-10.7
TYRA,2026-08-10,26.25,420163,646389,31.38,30.6,30.61,-14.2,-14.24
GRPN,2026-08-10,22.95,2752602,1593186,38.67,26.75,24.28,-14.21,-5.46
HTLD,2026-08-10,11.75,636555,715774,12.61,13.7,14.37,-14.22,-18.21
TDOC,2026-08-10,7.08,4562938,6077123,26.89,8.28,8.36,-14.47,-15.32
UAA,2026-08-10,5.87,18368584,8550461,22.01,6.87,6.58,-14.52,-10.75
HUT,2026-08-10,85.66,3166465,4714990,37.01,100.64,106.65,-14.89,-19.68
PACK,2026-08-10,5.2,247735,603069,30.33,6.13,6.59,-15.21,-21.13
KVHI,2026-08-10,7.59,257180,202655,30.28,8.96,9.08,-15.27,-16.42
UA,2026-08-10,5.68,3176156,2779984,21.77,6.71,6.41,-15.36,-11.4
OI,2026-08-10,7.0,2822596,4301569,23.74,8.27,8.86,-15.4,-21.01
ORN,2026-08-10,9.79,570286,735619,22.22,11.59,13.4,-15.51,-26.93
BV,2026-08-10,11.28,1398278,1349810,27.32,13.38,13.61,-15.67,-17.11
CLSK,2026-08-10,11.59,17292252,26163972,33.1,13.78,14.4,-15.87,-19.54
PHAT,2026-08-10,8.57,2143865,1591968,26.66,10.24,10.64,-16.32,-19.45
ECVT,2026-08-10,10.08,1395307,1281910,14.04,12.07,12.21,-16.47,-17.45
MARA,2026-08-10,9.56,42060587,48214938,33.46,11.46,12.53,-16.56,-23.69
GOGO,2026-08-10,3.19,2316734,1561239,42.96,3.84,3.65,-16.98,-12.49
RSI,2026-08-10,24.72,1721402,3127204,16.1,29.89,30.43,-17.29,-18.76
VMD,2026-08-10,9.32,710586,399808,18.9,11.32,11.38,-17.65,-18.09
OSG,2026-08-10,4.67,978299,392955,23.55,5.68,5.89,-17.81,-20.67
PLL,2025-08-29,7.25,3031983,690825,16.74,8.87,8.18,-18.25,-11.37
IIIV,2026-08-10,16.8,1033166,376789,31.45,20.61,20.67,-18.5,-18.73
JBGS,2026-08-10,11.21,1788412,779787,16.67,13.85,14.23,-19.08,-21.23
INO,2026-08-10,0.74,3283156,4294457,26.32,0.92,1.03,-19.17,-27.98
EXTR,2026-08-10,23.54,2177432,1898539,26.63,29.16,30.35,-19.27,-22.45
ARDX,2026-08-10,4.0,10776573,4074218,13.42,4.96,5.28,-19.27,-24.2
TZOO,2026-08-10,7.19,75401,112910,16.33,8.94,10.05,-19.57,-28.43
HCAT,2026-08-10,1.72,1042879,775019,35.61,2.14,2.06,-19.63,-16.43
WEAV,2026-08-10,5.33,2183929,1214723,32.46,6.64,6.34,-19.77,-15.91
PARA,2026-08-10,1.66,118449,153717,37.5,2.07,2.57,-19.83,-35.38
MERC,2026-08-10,0.51,926122,486109,32.61,0.64,0.69,-20.44,-26.14
CIFR,2026-08-10,16.33,33142381,32117071,37.4,20.58,22.48,-20.65,-27.36
ADTN,2026-08-10,7.63,2451587,2569722,11.32,9.7,11.82,-21.35,-35.44
ALIT,2026-08-10,14.64,501443,654789,37.74,18.72,16.48,-21.78,-11.16
BTDR,2026-08-10,8.7,31494128,11295552,32.2,11.14,13.48,-21.9,-35.46
XPOF,2026-08-10,4.97,1610061,1187089,30.09,6.38,6.61,-22.1,-24.8
UWMC,2026-08-10,1.41,37543738,22591262,35.15,1.81,1.98,-22.27,-28.76
GLUE,2026-08-10,15.82,834381,1559836,18.28,20.56,21.09,-23.04,-25.0
LZ,2026-08-10,5.68,5001017,2981740,35.45,7.44,6.9,-23.69,-17.73
LASR,2026-08-10,51.01,2908462,1249205,30.45,68.15,67.01,-25.15,-23.88
PLTK,2026-08-10,2.8,2752169,1531831,22.41,3.8,3.75,-26.36,-25.33
BIGC,2026-08-10,2.11,1266542,1003967,34.75,2.92,2.92,-27.8,-27.84
BTMD,2026-08-10,1.54,317079,230010,22.16,2.18,2.17,-29.37,-28.97
NABL,2026-08-10,3.21,6488614,1925514,34.12,4.55,4.1,-29.53,-21.8
UTI,2026-08-10,26.72,3028495,1433590,32.77,38.15,40.81,-29.96,-34.52
MYGN,2026-08-10,3.25,1376868,2435686,18.63,4.83,5.08,-32.71,-36.01
LESL,2026-08-10,1.11,894555,1977119,25.86,1.69,4.97,-34.18,-77.68
QTRX,2026-08-10,2.42,4001336,657848,24.92,3.72,3.75,-34.99,-35.46
ARKO,2026-08-10,4.7,2767892,795117,14.51,7.55,7.73,-37.72,-39.19
LYRA,2026-08-10,0.28,11261,4411,0.0,0.47,0.54,-40.11,-47.91
THRY,2026-08-10,2.15,1214080,836949,23.51,3.63,3.78,-40.78,-43.19
AHCO,2026-08-10,5.22,7435167,3433214,11.55,9.62,9.86,-45.73,-47.08
CVRX,2026-08-10,2.37,2755686,1085594,27.11,4.89,5.09,-51.53,-53.44
CAPR,2026-08-10,3.85,3071046,6032365,8.01,11.5,18.39,-66.51,-79.07
EGRX,2026-08-10,0.07,837,280,4.88,0.37,0.51,-81.03,-86.19
