Ticker,Setup Type,Date,Price,Change %,Volume,Avg Volume 20D,RSI,Prior RSI High,MA20,MA40,Distance to MA20 %,Red Candles,Near Support,Support Level,Distance to Support %,Range Position %,Hammer,Prior Support Hammers,Pattern Score,Refinement Score,Total Score,MACD Reversal,ADX Rising,RSI In Pullback Zone,Notes
AES,Uptrend Pullback,2026-08-07,14.73,0.07,6795816,6989212,70.37,82.5,14.66,14.57,0.5,4,True,14.59,0.96,77.78,True,1,65,,65,,,,Uptrend Pullback; 20 MA above 40 MA with rising slopes; Sideways MA compression; Price between 20 and 40 MA; 4 recent red candles; RSI was elevated before pullback; Near recent support; 1 prior hammer(s) at support; Latest candle looks like a hammer
BNL,Sideways Support,2026-08-07,20.93,0.24,6807231,1959931,9.13,82.2,21.99,21.44,-4.81,7,True,20.55,1.85,14.9,True,1,65,,65,,,,Sideways Support; Sideways MA compression; Price in lower third of recent range; 7 recent red candles; RSI was elevated before pullback; Near recent support; 1 prior hammer(s) at support; Latest candle looks like a hammer
STKL,Uptrend Pullback,2026-05-01,6.5,0.15,2917348,951791,54.55,71.43,6.49,6.48,0.22,5,True,6.46,0.62,80.0,True,1,65,,65,,,,Uptrend Pullback; 20 MA above 40 MA with rising slopes; Sideways MA compression; Price between 20 and 40 MA; 5 recent red candles; RSI was elevated before pullback; Near recent support; 1 prior hammer(s) at support; Latest candle looks like a hammer
EVRI,Uptrend Pullback,2025-07-01,14.24,0.0,0,1338095,68.75,75.0,14.2,14.14,0.31,4,True,14.1,0.99,93.33,False,4,65,,65,,,,Uptrend Pullback; 20 MA above 40 MA with rising slopes; Sideways MA compression; Price between 20 and 40 MA; 4 recent red candles; RSI was elevated before pullback; Near recent support; 4 prior hammer(s) at support
CNNE,Uptrend Pullback,2026-08-07,14.78,-0.2,300137,441899,51.33,75.16,14.85,14.54,-0.48,5,True,14.22,3.94,46.67,False,3,65,,65,,,,Uptrend Pullback; 20 MA above 40 MA with rising slopes; Sideways MA compression; Price between 20 and 40 MA; 5 recent red candles; RSI was elevated before pullback; Near recent support; 3 prior hammer(s) at support
CTO,Uptrend Pullback,2026-08-07,21.75,0.14,311160,332437,38.06,71.79,21.97,21.58,-1.02,6,True,21.18,2.69,37.25,False,3,65,,65,,,,Uptrend Pullback; 20 MA above 40 MA with rising slopes; Price between 20 and 40 MA; 6 recent red candles; RSI was elevated before pullback; Near recent support; 3 prior hammer(s) at support
DBRG,Uptrend Pullback,2026-08-07,15.94,0.06,3187632,3218358,65.12,65.0,15.84,15.79,0.66,3,True,15.68,1.66,96.3,False,3,65,,65,,,,Uptrend Pullback; 20 MA above 40 MA with rising slopes; Sideways MA compression; Price between 20 and 40 MA; 3 recent red candles; RSI was elevated before pullback; Near recent support; 3 prior hammer(s) at support
AAN,Uptrend Pullback,2024-10-03,10.09,0.1,2775856,1426607,55.56,64.86,10.01,9.97,0.81,5,False,9.55,5.65,98.18,False,2,65,,65,,,,Uptrend Pullback; 20 MA above 40 MA with rising slopes; Sideways MA compression; Price between 20 and 40 MA; 5 recent red candles; RSI was elevated before pullback; 2 prior hammer(s) at support
FCPT,Uptrend Pullback + Sideways Support,2026-08-07,25.1,0.08,1276307,754205,31.14,74.73,25.64,25.11,-2.12,6,True,24.81,1.17,15.1,False,2,65,,65,,,,Uptrend Pullback + Sideways Support; 20 MA above 40 MA with rising slopes; Sideways MA compression; Price near 20 MA; Price in lower third of recent range; 6 recent red candles; RSI was elevated before pullback; Near recent support; 2 prior hammer(s) at support
FTHY,Uptrend Pullback,2026-08-07,13.54,0.3,66678,86994,53.57,64.29,13.49,13.42,0.39,3,True,13.37,1.27,68.0,False,2,65,,65,,,,Uptrend Pullback; 20 MA above 40 MA with rising slopes; Sideways MA compression; Price between 20 and 40 MA; 3 recent red candles; RSI was elevated before pullback; Near recent support; 2 prior hammer(s) at support
HLN,Uptrend Pullback,2026-08-07,10.03,0.5,5493438,11269073,49.7,75.9,9.94,9.63,0.86,4,False,9.6,4.48,60.56,False,2,65,,65,,,,Uptrend Pullback; 20 MA above 40 MA with rising slopes; Price between 20 and 40 MA; 4 recent red candles; RSI was elevated before pullback; 2 prior hammer(s) at support
INMD,Uptrend Pullback,2026-08-07,15.31,1.39,397215,554892,48.55,77.87,15.26,14.74,0.33,3,True,14.86,3.03,55.56,False,2,65,,65,,,,Uptrend Pullback; 20 MA above 40 MA with rising slopes; Price between 20 and 40 MA; 3 recent red candles; RSI was elevated before pullback; Near recent support; 2 prior hammer(s) at support
KW,Uptrend Pullback,2026-06-16,10.92,0.0,0,2323441,58.82,70.97,10.9,10.86,0.21,3,True,10.86,0.55,75.0,False,2,65,,65,,,,Uptrend Pullback; 20 MA above 40 MA with rising slopes; Sideways MA compression; Price between 20 and 40 MA; 3 recent red candles; RSI was elevated before pullback; Near recent support; 2 prior hammer(s) at support
PCG,Uptrend Pullback,2026-08-07,17.46,3.07,28792175,23967344,50.43,78.52,17.52,17.2,-0.34,4,True,16.88,3.44,37.18,False,2,65,,65,,,,Uptrend Pullback; 20 MA above 40 MA with rising slopes; Sideways MA compression; Price between 20 and 40 MA; 4 recent red candles; RSI was elevated before pullback; Near recent support; 2 prior hammer(s) at support
PYCR,Uptrend Pullback,2025-04-14,22.49,0.0,0,2796222,60.0,84.62,22.44,22.36,0.22,4,True,22.34,0.67,83.33,False,2,65,,65,,,,Uptrend Pullback; 20 MA above 40 MA with rising slopes; Sideways MA compression; Price between 20 and 40 MA; 4 recent red candles; RSI was elevated before pullback; Near recent support; 2 prior hammer(s) at support
STEL,Uptrend Pullback,2026-07-01,39.32,0.0,0,796500,67.57,66.28,38.45,37.75,2.27,3,False,36.62,7.37,87.95,False,2,65,,65,,,,Uptrend Pullback; 20 MA above 40 MA with rising slopes; Price between 20 and 40 MA; 3 recent red candles; RSI was elevated before pullback; 2 prior hammer(s) at support
TGI,Uptrend Pullback,2025-07-24,26.01,0.7,6527511,1367667,71.11,61.67,25.85,25.83,0.62,6,True,25.7,1.21,93.94,False,2,65,,65,,,,Uptrend Pullback; 20 MA above 40 MA with rising slopes; Sideways MA compression; Price between 20 and 40 MA; 6 recent red candles; RSI was elevated before pullback; Near recent support; 2 prior hammer(s) at support
ALEX,Uptrend Pullback,2026-03-12,20.84,-0.05,9026463,1308140,62.5,68.75,20.8,20.78,0.18,4,True,20.73,0.53,91.67,False,1,65,,65,,,,Uptrend Pullback; 20 MA above 40 MA with rising slopes; Sideways MA compression; Price between 20 and 40 MA; 4 recent red candles; RSI was elevated before pullback; Near recent support; 1 prior hammer(s) at support
APLE,Sideways Support,2026-08-07,16.18,-0.31,3718715,3194914,34.0,61.16,16.6,16.5,-2.55,5,True,15.96,1.38,16.67,False,1,65,,65,,,,Sideways Support; Sideways MA compression; Price in lower third of recent range; 5 recent red candles; RSI was elevated before pullback; Near recent support; 1 prior hammer(s) at support
ARCO,Sideways Support,2026-08-07,8.24,-1.55,784633,1021592,52.35,64.54,8.28,8.31,-0.5,4,True,8.07,2.11,29.82,False,1,65,,65,,,,Sideways Support; Sideways MA compression; Price near 20 MA; Price in lower third of recent range; 4 recent red candles; RSI was elevated before pullback; Near recent support; 1 prior hammer(s) at support
BRX,Sideways Support,2026-08-07,30.37,0.63,2658690,2288255,24.38,67.46,31.71,31.53,-4.24,5,True,29.93,1.47,15.02,False,1,65,,65,,,,Sideways Support; Sideways MA compression; Price in lower third of recent range; 5 recent red candles; RSI was elevated before pullback; Near recent support; 1 prior hammer(s) at support
CCRN,Uptrend Pullback,2026-07-22,13.25,0.0,0,625386,77.78,69.23,13.22,13.18,0.23,3,True,13.19,0.45,75.0,False,1,65,,65,,,,Uptrend Pullback; 20 MA above 40 MA with rising slopes; Sideways MA compression; Price between 20 and 40 MA; 3 recent red candles; RSI was elevated before pullback; Near recent support; 1 prior hammer(s) at support
CMSC,Sideways Support,2026-08-07,21.74,0.23,24724,14098,31.46,75.82,21.88,21.88,-0.62,5,True,21.66,0.37,14.55,False,1,65,,65,,,,Sideways Support; Sideways MA compression; Price near 20 MA; Price in lower third of recent range; 5 recent red candles; RSI was elevated before pullback; Near recent support; 1 prior hammer(s) at support
CMSD,Sideways Support,2026-08-07,21.82,-0.82,54460,39745,26.88,72.9,22.12,22.14,-1.36,4,True,21.82,0.0,0.0,False,1,65,,65,,,,Sideways Support; Sideways MA compression; Price near 20 MA; Price in lower third of recent range; 4 recent red candles; RSI was elevated before pullback; Near recent support; 1 prior hammer(s) at support
CPF,Uptrend Pullback,2026-08-07,38.9,-0.54,141989,152826,53.58,69.56,39.13,38.22,-0.59,5,True,37.68,3.24,36.86,False,1,65,,65,,,,Uptrend Pullback; 20 MA above 40 MA with rising slopes; Price between 20 and 40 MA; 5 recent red candles; RSI was elevated before pullback; Near recent support; 1 prior hammer(s) at support
DLX,Uptrend Pullback,2026-08-07,25.01,-4.21,550113,386208,42.4,76.46,26.1,24.88,-4.19,5,True,24.38,2.58,17.4,False,1,65,,65,,,,Uptrend Pullback; 20 MA above 40 MA with rising slopes; Price between 20 and 40 MA; Price in lower third of recent range; 5 recent red candles; RSI was elevated before pullback; Near recent support; 1 prior hammer(s) at support
DOLE,Sideways Support,2026-08-07,13.83,0.66,768417,878243,41.2,64.83,14.14,14.09,-2.2,4,True,13.69,1.02,12.96,False,1,65,,65,,,,Sideways Support; Sideways MA compression; Price near 20 MA; Price in lower third of recent range; 4 recent red candles; RSI was elevated before pullback; Near recent support; 1 prior hammer(s) at support
FFIC,Sideways Support,2026-06-01,15.47,-2.4,2320299,337660,48.18,54.81,15.81,15.91,-2.16,3,True,15.14,2.18,25.19,False,1,65,,65,,,,Sideways Support; Sideways MA compression; Price near 20 MA; Price in lower third of recent range; 3 recent red candles; RSI was elevated before pullback; Near recent support; 1 prior hammer(s) at support
FUSN,Uptrend Pullback,2024-06-04,21.55,0.0,0,932877,60.34,68.18,21.48,21.42,0.35,5,True,21.35,0.94,80.0,False,1,65,,65,,,,Uptrend Pullback; 20 MA above 40 MA with rising slopes; Sideways MA compression; Price between 20 and 40 MA; 5 recent red candles; RSI was elevated before pullback; Near recent support; 1 prior hammer(s) at support
HFWA,Uptrend Pullback,2026-08-07,29.5,-0.27,455148,485348,37.14,66.67,29.86,29.31,-1.21,5,True,28.76,2.57,33.18,False,1,65,,65,,,,Uptrend Pullback; 20 MA above 40 MA with rising slopes; Price between 20 and 40 MA; 5 recent red candles; RSI was elevated before pullback; Near recent support; 1 prior hammer(s) at support
HR,Sideways Support,2026-08-07,19.97,-1.48,4217304,3969219,31.29,77.31,21.03,20.73,-5.04,6,True,19.94,0.15,1.43,False,1,65,,65,,,,Sideways Support; Sideways MA compression; Price in lower third of recent range; 6 recent red candles; RSI was elevated before pullback; Near recent support; 1 prior hammer(s) at support
HRT,Uptrend Pullback,2024-06-28,14.36,0.0,0,293516,52.94,57.89,14.34,14.33,0.14,3,True,14.29,0.49,77.78,False,1,65,,65,,,,Uptrend Pullback; 20 MA above 40 MA with rising slopes; Sideways MA compression; Price between 20 and 40 MA; 3 recent red candles; RSI was elevated before pullback; Near recent support; 1 prior hammer(s) at support
IAS,Uptrend Pullback,2025-12-23,10.34,0.0,0,1577473,65.22,58.82,10.27,10.26,0.64,3,True,10.24,0.98,100.0,False,1,65,,65,,,,Uptrend Pullback; 20 MA above 40 MA with rising slopes; Sideways MA compression; Price between 20 and 40 MA; 3 recent red candles; RSI was elevated before pullback; Near recent support; 1 prior hammer(s) at support
IEP,Uptrend Pullback + Sideways Support,2026-08-07,7.46,-2.99,1752407,787607,47.4,82.22,7.63,7.46,-2.22,4,True,7.29,2.33,29.82,False,1,65,,65,,,,Uptrend Pullback + Sideways Support; 20 MA above 40 MA with rising slopes; Sideways MA compression; Price near 20 MA; Price in lower third of recent range; 4 recent red candles; RSI was elevated before pullback; Near recent support; 1 prior hammer(s) at support
KMPB,Uptrend Pullback,2026-08-07,24.7,0.0,8825,12910,66.35,83.97,24.44,24.15,1.07,4,True,23.93,3.22,82.8,False,1,65,,65,,,,Uptrend Pullback; 20 MA above 40 MA with rising slopes; Sideways MA compression; Price between 20 and 40 MA; 4 recent red candles; RSI was elevated before pullback; Near recent support; 1 prior hammer(s) at support
NATL,Uptrend Pullback,2026-08-07,46.58,0.11,575439,608128,43.14,92.34,46.96,45.48,-0.81,5,True,45.12,3.24,47.4,False,1,65,,65,,,,Uptrend Pullback; 20 MA above 40 MA with rising slopes; Price between 20 and 40 MA; 5 recent red candles; RSI was elevated before pullback; Near recent support; 1 prior hammer(s) at support
OGN,Uptrend Pullback,2026-08-07,13.6,0.22,3332606,2472724,70.37,60.0,13.53,13.51,0.5,3,True,13.49,0.82,91.67,False,1,65,,65,,,,Uptrend Pullback; 20 MA above 40 MA with rising slopes; Sideways MA compression; Price between 20 and 40 MA; 3 recent red candles; RSI was elevated before pullback; Near recent support; 1 prior hammer(s) at support
PAGP,Uptrend Pullback,2026-08-07,24.74,-1.67,1950932,1529126,40.05,83.78,25.54,24.61,-3.12,6,True,24.58,0.65,8.89,False,1,65,,65,,,,Uptrend Pullback; 20 MA above 40 MA with rising slopes; Price between 20 and 40 MA; Price in lower third of recent range; 6 recent red candles; RSI was elevated before pullback; Near recent support; 1 prior hammer(s) at support
PDM,Uptrend Pullback,2026-08-07,9.48,0.11,718434,733082,45.31,69.9,9.69,9.45,-2.14,4,True,9.3,1.94,21.95,False,1,65,,65,,,,Uptrend Pullback; 20 MA above 40 MA with rising slopes; Price between 20 and 40 MA; Price in lower third of recent range; 4 recent red candles; RSI was elevated before pullback; Near recent support; 1 prior hammer(s) at support
STNE,Sideways Support,2026-08-07,10.6,-4.68,3435162,3401768,40.51,63.79,11.14,11.02,-4.85,5,True,10.55,0.47,5.0,False,1,65,,65,,,,Sideways Support; 20 MA above 40 MA with rising slopes; Sideways MA compression; Price in lower third of recent range; 5 recent red candles; RSI was elevated before pullback; Near recent support; 1 prior hammer(s) at support
TIXT,Sideways Support,2025-10-30,4.31,0.0,289131,389834,27.03,60.0,4.44,4.47,-2.93,3,True,4.31,0.0,0.0,False,1,65,,65,,,,Sideways Support; Sideways MA compression; Price in lower third of recent range; 3 recent red candles; RSI was elevated before pullback; Near recent support; 1 prior hammer(s) at support
TWO,Uptrend Pullback,2026-08-07,12.12,0.5,2995742,3051120,67.5,74.36,12.01,11.96,0.91,6,True,11.88,2.02,100.0,False,1,65,,65,,,,Uptrend Pullback; 20 MA above 40 MA with rising slopes; Sideways MA compression; Price between 20 and 40 MA; 6 recent red candles; RSI was elevated before pullback; Near recent support; 1 prior hammer(s) at support
UZD,Uptrend Pullback,2026-08-07,19.14,-0.36,2741,4126,47.73,68.24,19.06,18.96,0.41,3,True,18.6,2.9,72.97,False,1,65,,65,,,,Uptrend Pullback; 20 MA above 40 MA with rising slopes; Sideways MA compression; Price between 20 and 40 MA; 3 recent red candles; RSI was elevated before pullback; Near recent support; 1 prior hammer(s) at support
YOU,Sideways Support,2026-08-07,51.29,-3.77,2102760,1389809,36.36,55.84,54.53,54.13,-5.95,5,True,51.0,0.57,1.6,False,1,65,,65,,,,Sideways Support; Sideways MA compression; Price in lower third of recent range; 5 recent red candles; RSI was elevated before pullback; Near recent support; 1 prior hammer(s) at support
AIZN,Uptrend Pullback + Sideways Support,2026-08-07,18.82,-0.11,13069,16792,29.83,75.15,19.24,18.98,-2.16,5,True,18.7,0.64,10.08,False,0,65,,65,,,,Uptrend Pullback + Sideways Support; 20 MA above 40 MA with rising slopes; Sideways MA compression; Price near 20 MA; Price in lower third of recent range; 5 recent red candles; RSI was elevated before pullback; Near recent support
AVDL,Uptrend Pullback,2026-02-12,21.64,0.0,200,2955211,68.42,67.86,21.57,21.53,0.35,4,True,21.48,0.74,57.14,False,0,65,,65,,,,Uptrend Pullback; 20 MA above 40 MA with rising slopes; Sideways MA compression; Price between 20 and 40 MA; 4 recent red candles; RSI was elevated before pullback; Near recent support
AVDX,Uptrend Pullback,2025-10-15,10.0,0.0,0,2140462,64.29,63.64,9.96,9.95,0.41,4,True,9.93,0.7,77.78,False,0,65,,65,,,,Uptrend Pullback; 20 MA above 40 MA with rising slopes; Sideways MA compression; Price between 20 and 40 MA; 4 recent red candles; RSI was elevated before pullback; Near recent support
BOC,Uptrend Pullback,2026-08-07,14.44,0.98,82370,99376,60.8,67.17,14.26,14.0,1.28,4,True,13.94,3.59,59.52,False,0,65,,65,,,,Uptrend Pullback; 20 MA above 40 MA with rising slopes; Sideways MA compression; Price between 20 and 40 MA; 4 recent red candles; RSI was elevated before pullback; Near recent support
BSM,Uptrend Pullback,2026-08-07,14.1,-0.07,1627312,423052,55.03,76.59,14.25,13.92,-1.02,5,True,13.62,3.52,41.74,False,0,65,,65,,,,Uptrend Pullback; 20 MA above 40 MA with rising slopes; Price between 20 and 40 MA; 5 recent red candles; RSI was elevated before pullback; Near recent support
EBC,Uptrend Pullback,2026-08-07,22.84,-0.26,983659,2850248,52.84,71.82,22.94,22.25,-0.44,5,True,22.04,3.63,46.78,False,0,65,,65,,,,Uptrend Pullback; 20 MA above 40 MA with rising slopes; Price between 20 and 40 MA; 5 recent red candles; RSI was elevated before pullback; Near recent support
ET,Uptrend Pullback,2026-08-07,20.13,-0.35,11092995,9771122,55.25,75.79,19.93,19.39,1.01,5,True,19.45,3.5,67.33,False,0,65,,65,,,,Uptrend Pullback; 20 MA above 40 MA with rising slopes; Price between 20 and 40 MA; 5 recent red candles; RSI was elevated before pullback; Near recent support
FARO,Uptrend Pullback,2025-07-21,43.99,0.0,0,678410,57.78,89.89,43.89,43.27,0.23,5,True,43.72,0.62,81.82,False,0,65,,65,,,,Uptrend Pullback; 20 MA above 40 MA with rising slopes; Sideways MA compression; Price between 20 and 40 MA; 5 recent red candles; RSI was elevated before pullback; Near recent support
FNB,Uptrend Pullback,2026-08-07,18.97,0.32,4160182,6497554,54.62,61.69,19.04,18.9,-0.38,5,True,18.5,2.54,43.12,False,0,65,,65,,,,Uptrend Pullback; 20 MA above 40 MA with rising slopes; Price between 20 and 40 MA; 5 recent red candles; RSI was elevated before pullback; Near recent support
FULT,Uptrend Pullback,2026-08-07,24.24,-0.33,1685227,1880501,44.53,65.99,24.51,24.06,-1.12,4,True,23.75,2.06,33.11,False,0,65,,65,,,,Uptrend Pullback; 20 MA above 40 MA with rising slopes; Price between 20 and 40 MA; 4 recent red candles; RSI was elevated before pullback; Near recent support
INFN,Uptrend Pullback + Sideways Support,2025-02-28,6.64,0.0,0,1319111,58.82,65.22,6.64,6.62,-0.02,3,True,6.6,0.61,23.53,False,0,65,,65,,,,Uptrend Pullback + Sideways Support; 20 MA above 40 MA with rising slopes; Sideways MA compression; Price between 20 and 40 MA; Price in lower third of recent range; 3 recent red candles; RSI was elevated before pullback; Near recent support
JAMF,Uptrend Pullback,2026-01-30,13.05,0.0,0,2320341,58.82,66.67,13.02,13.01,0.25,4,True,12.98,0.54,87.5,False,0,65,,65,,,,Uptrend Pullback; 20 MA above 40 MA with rising slopes; Sideways MA compression; Price between 20 and 40 MA; 4 recent red candles; RSI was elevated before pullback; Near recent support
MLNK,Uptrend Pullback,2025-10-23,20.01,0.05,8601331,1257306,65.38,56.52,19.98,19.95,0.17,4,True,19.92,0.45,50.0,False,0,65,,65,,,,Uptrend Pullback; 20 MA above 40 MA with rising slopes; Sideways MA compression; Price between 20 and 40 MA; 4 recent red candles; RSI was elevated before pullback; Near recent support
NU,Uptrend Pullback,2026-08-07,13.84,-2.6,47671923,98014646,48.02,71.65,14.17,13.6,-2.32,6,True,13.33,3.83,33.55,False,0,65,,65,,,,Uptrend Pullback; 20 MA above 40 MA with rising slopes; Price between 20 and 40 MA; 6 recent red candles; RSI was elevated before pullback; Near recent support
OCFC,Uptrend Pullback,2026-08-07,19.42,-0.51,1142342,903635,42.26,73.72,19.65,19.22,-1.18,3,True,19.03,2.05,30.23,False,0,65,,65,,,,Uptrend Pullback; 20 MA above 40 MA with rising slopes; Price between 20 and 40 MA; 3 recent red candles; RSI was elevated before pullback; Near recent support
ONB,Uptrend Pullback,2026-08-07,26.56,-0.19,3338712,4926958,50.7,70.2,26.6,26.09,-0.14,4,True,25.73,3.23,50.92,False,0,65,,65,,,,Uptrend Pullback; 20 MA above 40 MA with rising slopes; Price between 20 and 40 MA; 4 recent red candles; RSI was elevated before pullback; Near recent support
PAA,Uptrend Pullback,2026-08-07,22.81,-1.68,4416745,2554027,36.67,81.54,23.75,22.76,-3.97,3,True,22.65,0.71,8.12,False,0,65,,65,,,,Uptrend Pullback; 20 MA above 40 MA with rising slopes; Price between 20 and 40 MA; Price in lower third of recent range; 3 recent red candles; RSI was elevated before pullback; Near recent support
RVLV,Uptrend Pullback,2026-08-07,24.27,-0.94,736238,917487,40.33,75.19,25.28,23.73,-4.0,4,True,23.86,1.72,11.78,False,0,65,,65,,,,Uptrend Pullback; 20 MA above 40 MA with rising slopes; Price between 20 and 40 MA; Price in lower third of recent range; 4 recent red candles; RSI was elevated before pullback; Near recent support
SAFE,Uptrend Pullback,2026-08-07,16.29,1.94,259305,292915,48.67,69.14,16.45,16.09,-0.99,6,True,15.73,3.56,32.56,False,0,65,,65,,,,Uptrend Pullback; 20 MA above 40 MA with rising slopes; Sideways MA compression; Price between 20 and 40 MA; 6 recent red candles; RSI was elevated before pullback; Near recent support
SAND,Uptrend Pullback,2025-10-17,12.12,-5.16,14508762,6317966,47.01,73.3,12.34,11.89,-1.77,3,True,11.68,3.77,31.21,False,0,65,,65,,,,Uptrend Pullback; 20 MA above 40 MA with rising slopes; Price between 20 and 40 MA; 3 recent red candles; RSI was elevated before pullback; Near recent support
SFB,Uptrend Pullback,2026-08-07,19.66,-0.05,8592,12983,42.25,63.83,19.7,19.62,-0.2,5,True,19.46,1.03,48.78,False,0,65,,65,,,,Uptrend Pullback; 20 MA above 40 MA with rising slopes; Sideways MA compression; Price between 20 and 40 MA; 5 recent red candles; RSI was elevated before pullback; Near recent support
SPTN,Uptrend Pullback,2025-09-22,26.9,0.0,0,824309,61.42,82.61,26.53,26.44,1.4,4,True,26.14,2.91,81.72,False,0,65,,65,,,,Uptrend Pullback; 20 MA above 40 MA with rising slopes; Sideways MA compression; Price between 20 and 40 MA; 4 recent red candles; RSI was elevated before pullback; Near recent support
TVC,Uptrend Pullback,2026-08-07,24.05,0.17,26779,12157,57.58,60.34,23.98,23.96,0.29,3,True,23.86,0.8,65.52,False,0,65,,65,,,,Uptrend Pullback; 20 MA above 40 MA with rising slopes; Sideways MA compression; Price between 20 and 40 MA; 3 recent red candles; RSI was elevated before pullback; Near recent support
VRNA,Uptrend Pullback,2025-10-07,106.91,0.0,0,1457607,72.46,98.97,106.51,106.14,0.37,5,True,105.78,1.07,98.26,False,0,65,,65,,,,Uptrend Pullback; 20 MA above 40 MA with rising slopes; Sideways MA compression; Price between 20 and 40 MA; 5 recent red candles; RSI was elevated before pullback; Near recent support
WBA,Uptrend Pullback,2025-08-28,11.98,0.0,0,35941776,52.17,95.65,11.93,11.74,0.39,3,True,11.59,3.36,59.09,False,0,65,,65,,,,Uptrend Pullback; 20 MA above 40 MA with rising slopes; Sideways MA compression; Price between 20 and 40 MA; 3 recent red candles; RSI was elevated before pullback; Near recent support
ZTO,Uptrend Pullback,2026-08-07,23.6,0.0,2499503,1840486,41.32,98.27,24.05,23.32,-1.85,5,True,23.39,0.9,15.11,False,0,65,,65,,,,Uptrend Pullback; 20 MA above 40 MA with rising slopes; Price between 20 and 40 MA; Price in lower third of recent range; 5 recent red candles; RSI was elevated before pullback; Near recent support
ATEC,Uptrend Pullback,2026-08-07,9.31,-0.32,2412786,2470216,62.75,55.47,9.1,8.98,2.27,3,False,8.01,16.23,54.62,True,0,60,,60,,,,Uptrend Pullback; 20 MA above 40 MA with rising slopes; Price between 20 and 40 MA; 3 recent red candles; RSI was elevated before pullback; Latest candle looks like a hammer
CVBF,Uptrend Pullback,2026-08-07,22.66,-0.22,914839,1494648,53.7,71.9,22.67,22.21,-0.02,5,False,21.6,4.91,60.23,True,0,60,,60,,,,Uptrend Pullback; 20 MA above 40 MA with rising slopes; Price between 20 and 40 MA; 5 recent red candles; RSI was elevated before pullback; Latest candle looks like a hammer
EVCM,Uptrend Pullback,2026-08-07,10.92,1.58,127568,175630,39.77,82.1,11.61,10.55,-5.95,4,False,9.96,9.64,35.56,True,0,60,,60,,,,Uptrend Pullback; 20 MA above 40 MA with rising slopes; Price between 20 and 40 MA; 4 recent red candles; RSI was elevated before pullback; Latest candle looks like a hammer
GNW,Uptrend Pullback,2026-08-07,9.69,-0.1,2885732,2939654,26.97,81.16,9.89,9.56,-1.99,5,False,9.29,4.31,43.96,True,0,60,,60,,,,Uptrend Pullback; 20 MA above 40 MA with rising slopes; Price between 20 and 40 MA; 5 recent red candles; RSI was elevated before pullback; Latest candle looks like a hammer
AOMR,Uptrend Pullback,2026-08-07,9.0,1.12,91855,99197,55.03,80.0,8.89,8.56,1.24,6,False,8.38,7.4,67.39,False,1,60,,60,,,,Uptrend Pullback; 20 MA above 40 MA with rising slopes; Price between 20 and 40 MA; 6 recent red candles; RSI was elevated before pullback; 1 prior hammer(s) at support
FCF,Uptrend Pullback,2026-08-07,21.51,1.32,1009708,919023,64.04,75.94,21.06,20.51,2.15,5,False,20.12,6.91,66.83,False,1,60,,60,,,,Uptrend Pullback; 20 MA above 40 MA with rising slopes; Price between 20 and 40 MA; 5 recent red candles; RSI was elevated before pullback; 1 prior hammer(s) at support
PHUN,Uptrend Pullback,2026-08-07,2.13,2.9,237538,105991,47.46,72.73,2.16,2.07,-1.27,3,False,2.0,6.5,44.83,False,1,60,,60,,,,Uptrend Pullback; 20 MA above 40 MA with rising slopes; Price between 20 and 40 MA; 3 recent red candles; RSI was elevated before pullback; 1 prior hammer(s) at support
PK,Uptrend Pullback,2026-08-07,14.76,0.82,6809131,4322374,48.63,69.43,14.84,14.54,-0.54,7,False,14.05,5.05,49.65,False,1,60,,60,,,,Uptrend Pullback; 20 MA above 40 MA with rising slopes; Price between 20 and 40 MA; 7 recent red candles; RSI was elevated before pullback; 1 prior hammer(s) at support
AKR,Sideways Support,2026-08-07,20.65,-0.63,1269133,1428200,30.07,88.51,21.97,21.66,-6.0,8,True,20.5,0.73,5.93,False,0,60,,60,,,,Sideways Support; Sideways MA compression; Price in lower third of recent range; 8 recent red candles; RSI was elevated before pullback; Near recent support
AM,Sideways Support,2026-08-07,21.27,-0.56,3464029,2294236,34.97,59.76,22.02,21.99,-3.43,4,True,21.09,0.85,8.91,False,0,60,,60,,,,Sideways Support; Sideways MA compression; Price in lower third of recent range; 4 recent red candles; RSI was elevated before pullback; Near recent support
BGC,Sideways Support,2026-08-07,10.35,-1.43,1789958,2450946,32.5,80.27,11.31,11.39,-8.48,7,True,10.27,0.78,4.44,False,0,60,,60,,,,Sideways Support; Sideways MA compression; Price in lower third of recent range; 7 recent red candles; RSI was elevated before pullback; Near recent support
BRY,Sideways Support,2025-12-18,3.26,0.0,0,621649,39.34,60.0,3.35,3.35,-2.66,3,True,3.19,2.19,22.58,False,0,60,,60,,,,Sideways Support; Sideways MA compression; Price in lower third of recent range; 3 recent red candles; RSI was elevated before pullback; Near recent support
CMRE,Sideways Support,2026-08-07,14.66,-1.61,326927,376668,47.73,70.29,15.23,15.05,-3.76,5,True,14.55,0.76,7.43,False,0,60,,60,,,,Sideways Support; Sideways MA compression; Price in lower third of recent range; 5 recent red candles; RSI was elevated before pullback; Near recent support
COLB,Sideways Support,2026-08-07,31.24,0.97,2881825,3007827,33.82,63.95,31.89,31.7,-2.02,4,True,30.75,1.59,16.78,False,0,60,,60,,,,Sideways Support; Sideways MA compression; Price near 20 MA; Price in lower third of recent range; 4 recent red candles; RSI was elevated before pullback; Near recent support
CRGX,Sideways Support,2025-08-19,4.47,0.0,0,1726197,50.0,65.85,4.48,4.46,-0.28,3,True,4.45,0.45,16.67,False,0,60,,60,,,,Sideways Support; Sideways MA compression; Price between 20 and 40 MA; Price in lower third of recent range; 3 recent red candles; RSI was elevated before pullback; Near recent support
ELAN,Sideways Support,2026-08-07,22.12,-9.27,22076817,6931948,31.81,74.74,25.38,24.86,-12.86,7,True,22.02,0.45,1.68,False,0,60,,60,,,,Sideways Support; Sideways MA compression; Price in lower third of recent range; 7 recent red candles; RSI was elevated before pullback; Near recent support
GDOT,Sideways Support,2026-08-07,13.15,-2.01,247484,334548,44.22,66.01,13.3,13.25,-1.15,4,True,12.95,1.54,25.64,False,0,60,,60,,,,Sideways Support; Sideways MA compression; Price near 20 MA; Price in lower third of recent range; 4 recent red candles; RSI was elevated before pullback; Near recent support
INTR,Sideways Support,2026-08-07,5.27,-9.29,10938696,4785399,40.64,64.34,5.57,5.56,-5.34,4,True,5.22,0.96,7.81,False,0,60,,60,,,,Sideways Support; Sideways MA compression; Price in lower third of recent range; 4 recent red candles; RSI was elevated before pullback; Near recent support
KIM,Sideways Support,2026-08-07,24.46,0.29,3369147,4621071,24.92,68.15,25.58,25.4,-4.36,8,True,24.18,1.16,11.38,False,0,60,,60,,,,Sideways Support; Sideways MA compression; Price in lower third of recent range; 8 recent red candles; RSI was elevated before pullback; Near recent support
KKRS,Sideways Support,2026-08-07,15.96,-0.99,20124,32886,30.67,59.62,16.21,16.23,-1.53,5,True,15.96,0.0,0.0,False,0,60,,60,,,,Sideways Support; Sideways MA compression; Price near 20 MA; Price in lower third of recent range; 5 recent red candles; RSI was elevated before pullback; Near recent support
KMI,Sideways Support,2026-08-07,30.85,-0.68,8187404,10090832,33.1,67.06,31.77,31.78,-2.9,6,True,30.68,0.55,7.49,False,0,60,,60,,,,Sideways Support; Sideways MA compression; Price in lower third of recent range; 6 recent red candles; RSI was elevated before pullback; Near recent support
KMT,Sideways Support,2026-08-07,33.13,-3.58,1326627,1207460,46.95,70.49,34.44,34.62,-3.81,3,True,32.12,3.14,11.22,False,0,60,,60,,,,Sideways Support; Sideways MA compression; Price in lower third of recent range; 3 recent red candles; RSI was elevated before pullback; Near recent support
MANU,Sideways Support,2026-08-07,21.63,-1.23,229017,211200,44.13,74.52,22.5,22.47,-3.87,5,True,21.57,0.28,2.63,False,0,60,,60,,,,Sideways Support; Sideways MA compression; Price in lower third of recent range; 5 recent red candles; RSI was elevated before pullback; Near recent support
MOMO,Sideways Support,2026-08-07,5.86,0.51,355338,473372,39.06,76.82,5.96,5.85,-1.63,3,True,5.73,2.27,27.08,False,0,60,,60,,,,Sideways Support; Sideways MA compression; Price between 20 and 40 MA; Price in lower third of recent range; 3 recent red candles; RSI was elevated before pullback; Near recent support
NMRK,Sideways Support,2026-08-07,14.81,2.92,1324888,1402001,43.59,63.17,15.37,15.28,-3.64,5,True,14.39,2.92,21.43,False,0,60,,60,,,,Sideways Support; Sideways MA compression; Price in lower third of recent range; 5 recent red candles; RSI was elevated before pullback; Near recent support
NTST,Sideways Support,2026-08-07,20.69,-1.62,1503403,1301972,31.14,77.25,21.61,21.17,-4.24,6,True,20.64,0.24,2.73,False,0,60,,60,,,,Sideways Support; Sideways MA compression; Price in lower third of recent range; 6 recent red candles; RSI was elevated before pullback; Near recent support
SHO,Sideways Support,2026-08-07,11.08,-1.6,3020913,2399895,25.52,73.33,11.62,11.56,-4.66,5,True,11.07,0.09,1.14,False,0,60,,60,,,,Sideways Support; Sideways MA compression; Price in lower third of recent range; 5 recent red candles; RSI was elevated before pullback; Near recent support
SOJE,Sideways Support,2026-08-07,16.39,-0.3,49722,54978,28.92,61.04,16.59,16.63,-1.2,4,True,16.35,0.24,8.51,False,0,60,,60,,,,Sideways Support; Sideways MA compression; Price near 20 MA; Price in lower third of recent range; 4 recent red candles; RSI was elevated before pullback; Near recent support
SREA,Sideways Support,2026-08-07,20.65,-0.72,35169,59243,17.27,77.57,21.13,21.09,-2.27,7,True,20.61,0.19,4.55,False,0,60,,60,,,,Sideways Support; Sideways MA compression; Price near 20 MA; Price in lower third of recent range; 7 recent red candles; RSI was elevated before pullback; Near recent support
STER,Sideways Support,2024-10-31,16.74,0.0,0,759593,49.43,86.08,16.92,16.75,-1.08,6,True,16.36,2.32,22.62,False,0,60,,60,,,,Sideways Support; Sideways MA compression; Price near 20 MA; Price in lower third of recent range; 6 recent red candles; RSI was elevated before pullback; Near recent support
TBB,Sideways Support,2026-08-07,19.77,-0.25,68832,121294,24.76,59.78,20.03,20.15,-1.29,6,True,19.76,0.05,1.39,False,0,60,,60,,,,Sideways Support; Sideways MA compression; Price near 20 MA; Price in lower third of recent range; 6 recent red candles; RSI was elevated before pullback; Near recent support
TGS,Sideways Support,2026-08-07,28.79,-0.9,186945,196562,42.43,70.45,30.44,30.46,-5.4,5,True,28.64,0.52,4.14,False,0,60,,60,,,,Sideways Support; Sideways MA compression; Price in lower third of recent range; 5 recent red candles; RSI was elevated before pullback; Near recent support
UGI,Sideways Support,2026-08-07,34.18,0.26,1297041,1249405,22.93,80.2,36.3,35.54,-5.84,5,True,34.05,0.38,3.64,False,0,60,,60,,,,Sideways Support; Sideways MA compression; Price in lower third of recent range; 5 recent red candles; RSI was elevated before pullback; Near recent support
ACVA,Uptrend Pullback,2026-08-07,7.46,-0.4,3722753,2884562,50.76,70.38,7.65,7.2,-2.55,4,False,6.62,12.69,47.73,False,0,55,,55,,,,Uptrend Pullback; 20 MA above 40 MA with rising slopes; Price between 20 and 40 MA; 4 recent red candles; RSI was elevated before pullback
AMRX,Uptrend Pullback,2026-08-07,18.14,-0.06,1089967,1882354,57.02,70.97,18.05,17.42,0.51,4,False,16.58,9.41,58.21,False,0,55,,55,,,,Uptrend Pullback; 20 MA above 40 MA with rising slopes; Price between 20 and 40 MA; 4 recent red candles; RSI was elevated before pullback
ASB,Uptrend Pullback,2026-08-07,31.28,0.55,1197438,1865936,53.94,63.14,31.02,30.58,0.84,5,False,29.92,4.55,65.38,False,0,55,,55,,,,Uptrend Pullback; 20 MA above 40 MA with rising slopes; Price between 20 and 40 MA; 5 recent red candles; RSI was elevated before pullback
AVPT,Uptrend Pullback,2026-08-07,12.79,2.32,3022468,2235079,44.66,92.26,12.89,12.04,-0.81,3,False,11.73,9.04,51.46,False,0,55,,55,,,,Uptrend Pullback; 20 MA above 40 MA with rising slopes; Price between 20 and 40 MA; 3 recent red candles; RSI was elevated before pullback
BCH,Uptrend Pullback,2026-08-07,41.42,-2.06,603218,287377,57.68,66.86,40.99,40.37,1.05,4,False,38.97,6.29,66.04,False,0,55,,55,,,,Uptrend Pullback; 20 MA above 40 MA with rising slopes; Price between 20 and 40 MA; 4 recent red candles; RSI was elevated before pullback
BCS,Uptrend Pullback,2026-08-07,27.93,-0.78,1939564,5569906,56.32,63.43,27.47,26.98,1.67,3,False,25.73,8.55,83.33,False,0,55,,55,,,,Uptrend Pullback; 20 MA above 40 MA with rising slopes; Price between 20 and 40 MA; 3 recent red candles; RSI was elevated before pullback
BILI,Uptrend Pullback,2026-08-07,18.74,1.41,1522721,2138607,53.98,77.82,18.29,17.77,2.45,3,False,17.14,9.33,68.67,False,0,55,,55,,,,Uptrend Pullback; 20 MA above 40 MA with rising slopes; Price between 20 and 40 MA; 3 recent red candles; RSI was elevated before pullback
BY,Uptrend Pullback,2026-08-07,38.83,-0.74,171754,275183,63.66,73.25,38.47,37.41,0.94,3,False,36.9,5.23,61.66,False,0,55,,55,,,,Uptrend Pullback; 20 MA above 40 MA with rising slopes; Price between 20 and 40 MA; 3 recent red candles; RSI was elevated before pullback
CATO,Uptrend Pullback,2026-08-07,3.31,1.53,32007,110892,50.44,58.45,3.31,3.29,-0.14,5,False,3.04,8.88,52.94,False,0,55,,55,,,,Uptrend Pullback; 20 MA above 40 MA with rising slopes; Sideways MA compression; Price between 20 and 40 MA; 5 recent red candles; RSI was elevated before pullback
CBL,Uptrend Pullback,2026-08-07,56.55,2.59,243737,287994,53.23,85.8,56.28,53.73,0.49,5,False,51.41,10.0,57.17,False,0,55,,55,,,,Uptrend Pullback; 20 MA above 40 MA with rising slopes; Price between 20 and 40 MA; 5 recent red candles; RSI was elevated before pullback
CBUS,Uptrend Pullback,2026-08-07,1.81,-4.23,163621,307836,53.52,90.48,1.9,1.67,-4.89,4,False,1.62,11.73,21.11,False,0,55,,55,,,,Uptrend Pullback; 20 MA above 40 MA with rising slopes; Price between 20 and 40 MA; Price in lower third of recent range; 4 recent red candles; RSI was elevated before pullback
CFFN,Uptrend Pullback,2026-08-07,8.88,-0.45,725884,890717,68.87,74.36,8.68,8.46,2.33,3,False,8.16,8.82,71.29,False,0,55,,55,,,,Uptrend Pullback; 20 MA above 40 MA with rising slopes; Price between 20 and 40 MA; 3 recent red candles; RSI was elevated before pullback
CNOB,Uptrend Pullback,2026-08-07,32.82,-0.79,271415,468117,44.46,61.49,33.0,32.84,-0.53,5,False,30.65,7.08,62.18,False,0,55,,55,,,,Uptrend Pullback; 20 MA above 40 MA with rising slopes; Price near 20 MA; 5 recent red candles; RSI was elevated before pullback
CUK,Uptrend Pullback,2026-05-07,27.47,0.0,0,3149903,40.05,70.72,27.21,26.23,0.94,3,False,25.21,8.96,46.41,False,0,55,,55,,,,Uptrend Pullback; 20 MA above 40 MA with rising slopes; Price between 20 and 40 MA; 3 recent red candles; RSI was elevated before pullback
DCOM,Uptrend Pullback,2026-08-07,40.32,-1.51,295474,352383,53.79,68.03,40.41,39.99,-0.22,4,False,37.51,7.49,63.0,False,0,55,,55,,,,Uptrend Pullback; 20 MA above 40 MA with rising slopes; Price between 20 and 40 MA; 4 recent red candles; RSI was elevated before pullback
DRH,Uptrend Pullback,2026-08-07,12.53,-2.19,2141722,2788623,45.63,84.13,12.78,12.39,-1.96,5,False,11.79,6.28,37.0,False,0,55,,55,,,,Uptrend Pullback; 20 MA above 40 MA with rising slopes; Price between 20 and 40 MA; 5 recent red candles; RSI was elevated before pullback
FBP,Uptrend Pullback,2026-08-07,28.67,-0.76,971372,1599717,67.71,87.76,28.35,27.17,1.13,5,False,26.47,8.31,74.83,False,0,55,,55,,,,Uptrend Pullback; 20 MA above 40 MA with rising slopes; Price between 20 and 40 MA; 5 recent red candles; RSI was elevated before pullback
FDUS,Uptrend Pullback,2026-08-07,20.35,0.69,1646891,329162,59.89,74.62,20.06,19.44,1.44,4,False,19.28,5.55,71.33,False,0,55,,55,,,,Uptrend Pullback; 20 MA above 40 MA with rising slopes; Price between 20 and 40 MA; 4 recent red candles; RSI was elevated before pullback
FNKO,Uptrend Pullback,2026-08-07,5.88,-14.91,3280385,1097174,54.36,72.53,5.82,5.67,1.04,6,False,5.14,14.4,38.95,False,0,55,,55,,,,Uptrend Pullback; 20 MA above 40 MA with rising slopes; Price between 20 and 40 MA; 6 recent red candles; RSI was elevated before pullback
GAIN,Uptrend Pullback,2026-08-07,16.59,-0.12,547700,207789,53.78,93.67,16.4,15.84,1.15,4,False,15.79,5.07,65.04,False,0,55,,55,,,,Uptrend Pullback; 20 MA above 40 MA with rising slopes; Price between 20 and 40 MA; 4 recent red candles; RSI was elevated before pullback
GBDC,Uptrend Pullback,2026-08-07,13.17,1.31,1768915,1052572,56.18,80.0,12.98,12.83,1.48,4,False,12.62,4.36,68.75,False,0,55,,55,,,,Uptrend Pullback; 20 MA above 40 MA with rising slopes; Sideways MA compression; Price between 20 and 40 MA; 4 recent red candles; RSI was elevated before pullback
GEO,Uptrend Pullback,2026-08-07,30.69,2.13,1577738,1506110,50.81,69.63,30.61,30.04,0.27,6,False,28.89,6.23,55.9,False,0,55,,55,,,,Uptrend Pullback; 20 MA above 40 MA with rising slopes; Price between 20 and 40 MA; 6 recent red candles; RSI was elevated before pullback
GNE,Uptrend Pullback,2026-08-07,14.55,-0.61,62394,72984,57.89,53.98,14.22,14.22,2.3,4,False,13.82,5.28,75.26,False,0,55,,55,,,,Uptrend Pullback; 20 MA above 40 MA with rising slopes; Sideways MA compression; Price between 20 and 40 MA; 4 recent red candles; RSI was elevated before pullback
GNK,Uptrend Pullback,2026-08-07,25.33,0.84,407263,307744,50.51,68.35,25.47,24.86,-0.55,5,False,23.9,5.98,49.31,False,0,55,,55,,,,Uptrend Pullback; 20 MA above 40 MA with rising slopes; Price between 20 and 40 MA; 5 recent red candles; RSI was elevated before pullback
GSL,Uptrend Pullback,2026-08-07,42.44,-0.84,502807,322491,59.46,81.72,42.56,40.61,-0.27,6,False,40.16,5.68,50.33,False,0,55,,55,,,,Uptrend Pullback; 20 MA above 40 MA with rising slopes; Price between 20 and 40 MA; 6 recent red candles; RSI was elevated before pullback
HAFC,Uptrend Pullback,2026-08-07,31.91,-0.68,166473,296969,50.0,59.78,31.89,31.78,0.05,5,False,29.72,7.37,62.93,False,0,55,,55,,,,Uptrend Pullback; 20 MA above 40 MA with rising slopes; Sideways MA compression; Price between 20 and 40 MA; 5 recent red candles; RSI was elevated before pullback
HBNC,Uptrend Pullback,2026-08-07,20.42,-0.15,641327,669002,54.75,72.82,20.35,19.96,0.36,4,False,19.04,7.25,69.0,False,0,55,,55,,,,Uptrend Pullback; 20 MA above 40 MA with rising slopes; Price between 20 and 40 MA; 4 recent red candles; RSI was elevated before pullback
HG,Uptrend Pullback,2026-08-07,35.91,0.0,463001,436571,55.3,77.34,35.4,34.22,1.45,4,False,33.28,7.9,65.26,False,0,55,,55,,,,Uptrend Pullback; 20 MA above 40 MA with rising slopes; Price between 20 and 40 MA; 4 recent red candles; RSI was elevated before pullback
HOMB,Uptrend Pullback,2026-08-07,30.81,0.39,919919,1881120,58.23,87.07,30.68,29.53,0.44,4,False,28.68,7.43,70.53,False,0,55,,55,,,,Uptrend Pullback; 20 MA above 40 MA with rising slopes; Price between 20 and 40 MA; 4 recent red candles; RSI was elevated before pullback
HOPE,Uptrend Pullback,2026-08-07,13.99,0.21,988438,1077928,65.0,70.59,13.71,13.45,2.01,4,False,13.04,7.29,73.08,False,0,55,,55,,,,Uptrend Pullback; 20 MA above 40 MA with rising slopes; Price between 20 and 40 MA; 4 recent red candles; RSI was elevated before pullback
KRNY,Uptrend Pullback,2026-08-07,9.52,-0.52,294843,506353,51.32,70.37,9.53,9.27,-0.09,4,False,8.75,8.8,72.64,False,0,55,,55,,,,Uptrend Pullback; 20 MA above 40 MA with rising slopes; Price between 20 and 40 MA; 4 recent red candles; RSI was elevated before pullback
LTH,Uptrend Pullback,2026-08-07,43.81,0.83,1741359,2788432,55.92,77.5,43.35,41.07,1.06,4,False,40.84,7.27,46.48,False,0,55,,55,,,,Uptrend Pullback; 20 MA above 40 MA with rising slopes; Price between 20 and 40 MA; 4 recent red candles; RSI was elevated before pullback
LXP,Uptrend Pullback,2026-08-07,60.56,0.02,606742,991963,42.08,83.63,59.66,56.81,1.5,7,False,54.56,11.0,85.11,False,0,55,,55,,,,Uptrend Pullback; 20 MA above 40 MA with rising slopes; Price between 20 and 40 MA; 7 recent red candles; RSI was elevated before pullback
MFC,Uptrend Pullback,2026-08-07,44.32,-1.05,2077496,1927475,69.61,85.62,43.61,42.14,1.63,4,False,40.98,8.15,76.78,False,0,55,,55,,,,Uptrend Pullback; 20 MA above 40 MA with rising slopes; Price between 20 and 40 MA; 4 recent red candles; RSI was elevated before pullback
MRVI,Uptrend Pullback,2026-08-07,6.23,11.25,4077591,2669069,27.11,74.81,6.72,6.21,-7.32,5,False,5.41,15.16,40.39,False,0,55,,55,,,,Uptrend Pullback; 20 MA above 40 MA with rising slopes; Price between 20 and 40 MA; 5 recent red candles; RSI was elevated before pullback
MUFG,Uptrend Pullback,2026-08-07,22.49,-0.4,2196946,3552238,61.07,87.76,22.31,21.43,0.79,5,False,21.19,6.13,63.11,False,0,55,,55,,,,Uptrend Pullback; 20 MA above 40 MA with rising slopes; Price between 20 and 40 MA; 5 recent red candles; RSI was elevated before pullback
NBBK,Uptrend Pullback,2026-08-07,22.58,-0.44,220329,368571,71.96,81.28,22.07,21.4,2.31,4,False,20.63,9.45,70.4,False,0,55,,55,,,,Uptrend Pullback; 20 MA above 40 MA with rising slopes; Price between 20 and 40 MA; 4 recent red candles; RSI was elevated before pullback
NCMI,Uptrend Pullback,2026-08-07,4.03,0.0,186690,295993,51.06,60.9,3.96,3.82,1.83,3,False,3.67,9.81,60.0,False,0,55,,55,,,,Uptrend Pullback; 20 MA above 40 MA with rising slopes; Price between 20 and 40 MA; 3 recent red candles; RSI was elevated before pullback
NMR,Uptrend Pullback,2026-08-07,9.95,-0.3,472715,961269,68.92,96.13,9.73,9.37,2.24,3,False,9.11,9.22,88.42,False,0,55,,55,,,,Uptrend Pullback; 20 MA above 40 MA with rising slopes; Price between 20 and 40 MA; 3 recent red candles; RSI was elevated before pullback
NOMD,Uptrend Pullback,2026-08-07,11.99,2.04,745847,1314531,52.57,80.0,11.87,11.33,1.05,5,False,11.04,8.61,54.29,False,0,55,,55,,,,Uptrend Pullback; 20 MA above 40 MA with rising slopes; Price between 20 and 40 MA; 5 recent red candles; RSI was elevated before pullback
NWBI,Uptrend Pullback,2026-08-07,15.55,-0.32,839114,1129158,60.13,79.06,15.38,15.04,1.1,3,False,14.78,5.21,65.25,False,0,55,,55,,,,Uptrend Pullback; 20 MA above 40 MA with rising slopes; Price between 20 and 40 MA; 3 recent red candles; RSI was elevated before pullback
PFS,Uptrend Pullback,2026-08-07,24.46,-0.85,760698,1066742,58.16,68.91,24.27,23.81,0.8,4,False,23.35,4.75,51.87,False,0,55,,55,,,,Uptrend Pullback; 20 MA above 40 MA with rising slopes; Price between 20 and 40 MA; 4 recent red candles; RSI was elevated before pullback
RF,Uptrend Pullback,2026-08-07,31.43,0.38,7592283,10126100,54.57,73.02,31.24,30.48,0.62,4,False,30.1,4.42,56.12,False,0,55,,55,,,,Uptrend Pullback; 20 MA above 40 MA with rising slopes; Price between 20 and 40 MA; 4 recent red candles; RSI was elevated before pullback
SBRA,Uptrend Pullback,2026-08-07,21.04,0.62,1802348,3212798,60.28,79.68,21.06,20.12,-0.09,5,False,19.39,8.51,48.82,False,0,55,,55,,,,Uptrend Pullback; 20 MA above 40 MA with rising slopes; Price between 20 and 40 MA; 5 recent red candles; RSI was elevated before pullback
SFNC,Uptrend Pullback,2026-08-07,23.46,-0.04,1303858,1659329,64.51,69.02,23.3,22.9,0.68,3,False,22.19,5.72,59.62,False,0,55,,55,,,,Uptrend Pullback; 20 MA above 40 MA with rising slopes; Price between 20 and 40 MA; 3 recent red candles; RSI was elevated before pullback
SHBI,Uptrend Pullback,2026-08-07,23.84,-0.79,260543,227650,63.61,77.75,23.69,23.14,0.61,4,False,22.38,6.52,58.17,False,0,55,,55,,,,Uptrend Pullback; 20 MA above 40 MA with rising slopes; Price between 20 and 40 MA; 4 recent red candles; RSI was elevated before pullback
SKLZ,Uptrend Pullback,2026-06-18,8.84,6.89,254569,322897,44.81,79.65,8.98,8.02,-1.59,3,False,7.19,22.95,53.92,False,0,55,,55,,,,Uptrend Pullback; 20 MA above 40 MA with rising slopes; Price between 20 and 40 MA; 3 recent red candles; RSI was elevated before pullback
SLRC,Uptrend Pullback,2026-08-07,13.1,1.08,397884,429480,53.14,73.93,12.99,12.75,0.86,5,False,12.47,5.05,70.0,False,0,55,,55,,,,Uptrend Pullback; 20 MA above 40 MA with rising slopes; Sideways MA compression; Price between 20 and 40 MA; 5 recent red candles; RSI was elevated before pullback
TRIN,Uptrend Pullback,2026-08-07,18.05,2.09,1028951,1131594,54.37,73.97,17.64,17.35,2.35,3,False,16.93,6.62,84.85,False,0,55,,55,,,,Uptrend Pullback; 20 MA above 40 MA with rising slopes; Price between 20 and 40 MA; 3 recent red candles; RSI was elevated before pullback
UGP,Uptrend Pullback,2026-08-07,6.12,-4.38,3437154,4485551,46.54,95.27,6.29,5.69,-2.74,4,False,5.65,8.32,50.0,False,0,55,,55,,,,Uptrend Pullback; 20 MA above 40 MA with rising slopes; Price between 20 and 40 MA; 4 recent red candles; RSI was elevated before pullback
VOC,Uptrend Pullback,2026-08-07,3.05,1.67,69808,169491,59.21,85.71,2.98,2.79,2.23,3,False,2.81,8.54,68.57,False,0,55,,55,,,,Uptrend Pullback; 20 MA above 40 MA with rising slopes; Price between 20 and 40 MA; 3 recent red candles; RSI was elevated before pullback
WWW,Uptrend Pullback,2026-08-07,18.93,-0.26,622525,790651,52.2,80.34,19.09,18.09,-0.85,5,False,17.45,8.48,42.41,False,0,55,,55,,,,Uptrend Pullback; 20 MA above 40 MA with rising slopes; Price between 20 and 40 MA; 5 recent red candles; RSI was elevated before pullback
CLCO,Sideways Support,2026-01-12,9.67,0.0,0,234406,28.21,68.57,9.75,9.76,-0.86,2,True,9.61,0.62,15.38,False,0,54,,54,,,,Sideways Support; Sideways MA compression; Price near 20 MA; Price in lower third of recent range; 2 recent red candles; RSI was elevated before pullback; Near recent support
IIIV,Sideways Support,2026-08-07,17.47,-20.37,1755952,338444,32.97,60.63,20.83,20.76,-16.15,2,True,17.03,2.58,8.06,False,0,54,,54,,,,Sideways Support; Sideways MA compression; Price in lower third of recent range; 2 recent red candles; RSI was elevated before pullback; Near recent support
SOJD,Sideways Support,2026-08-07,18.6,-0.43,41440,76755,36.73,,18.75,18.9,-0.81,3,True,18.55,0.27,12.82,False,0,50,,50,,,,Sideways Support; Sideways MA compression; Price near 20 MA; Price in lower third of recent range; 3 recent red candles; Near recent support
