date,RSI Daily,Symbol
2026-05-28,2.8,ZI
2026-05-28,4.7,ZTO
2025-04-17,5.4,SWI
2026-05-28,8.6,KT
2026-05-28,10.0,HCM
2026-05-28,11.4,PAY
2025-07-31,11.7,SAGE
2026-05-28,12.0,GAMB
2026-05-28,13.3,AHCO
2026-05-28,14.1,AORT
2026-05-28,15.0,AVO
2026-05-28,15.2,BGS
2025-08-29,16.7,PLL
2026-05-28,16.9,NMRK
2026-05-28,17.2,ABR
2026-05-28,17.9,CCAP
2026-05-28,18.1,TBB
2026-05-28,18.1,NABL
2026-05-28,18.1,VSTM
2026-05-28,18.3,GSBD
2026-05-28,18.6,NWL
2026-05-28,19.2,IMXI
2024-06-14,19.3,AQNU
2026-05-28,19.3,SNBR
2026-05-28,19.8,SGML
2026-05-28,20.4,PFLT
2026-05-28,20.5,HE
2026-05-28,20.6,TKC
2026-05-28,20.8,CSAN
2026-05-28,21.2,ZIM
2026-05-28,21.2,EYE
2026-05-28,21.2,CARS
2026-05-28,21.5,TGTX
2026-05-28,21.8,VRCA
2026-02-11,22.2,DVAX
2026-05-28,22.4,EHTH
2026-05-28,22.5,CARG
2026-05-28,22.7,PRA
2026-05-28,23.4,TAL
2026-05-28,23.6,WU
2026-05-28,23.8,PNNT
2026-05-28,24.1,TG
2026-05-28,24.1,CGBD
2026-05-28,24.1,BVS
2024-11-08,24.4,PRMW
2026-05-28,24.6,MFIC
2026-05-28,24.8,NUS
2025-08-07,24.9,PARA
2026-05-28,25.0,DRCT
2025-07-23,25.0,ELEV
2026-05-28,25.1,ANAB
2026-05-28,25.2,PERI
2026-05-28,25.3,TDS
2026-05-28,25.3,GLNG
2026-05-28,25.4,HRTG
2026-05-28,25.5,OFIX
2026-05-28,25.6,BILI
2026-05-28,25.6,SITC
2026-05-28,25.6,GOOS
2026-05-28,25.7,RMAX
2026-05-28,25.7,MNSO
2026-05-28,25.9,UVE
2026-05-28,25.9,REZI
2026-05-28,26.0,DHT
2026-05-28,26.0,OPRX
2026-05-28,26.0,KMT
2026-05-28,26.1,KOD
2026-05-28,26.2,VYX
2026-05-28,26.2,NCMI
2026-05-28,26.3,GME
2026-05-28,26.4,GSL
2026-05-28,26.4,RGNX
2026-05-28,26.4,SBS
2026-05-28,26.5,HLF
2026-05-28,26.6,MTW
2026-05-28,26.9,FLYW
2026-05-28,27.0,VIV
2025-10-30,27.0,TIXT
2026-05-28,27.1,ENTA
2026-05-28,27.1,OLMA
2026-05-28,27.3,ELME
2026-05-28,27.4,UUUU
2026-05-28,27.5,CVRX
2026-05-28,27.5,KNSA
2026-05-28,27.6,AMPY
2026-05-28,27.7,ANRO
2026-05-28,27.8,TCPC
2026-05-28,27.9,DXC
2026-05-28,28.2,STWD
2026-05-28,28.2,SHIP
2026-05-28,28.2,TK
2026-01-12,28.2,CLCO
2026-05-28,28.4,UPWK
2026-05-28,28.5,TWI
2026-05-28,28.6,GDS
2026-05-28,28.7,SANA
2026-05-28,28.7,SFB
2026-05-28,28.8,CION
2026-05-28,29.2,OCSL
2026-05-28,29.5,PHAT
2026-05-28,29.6,IIIV
2026-05-28,29.6,RC
2026-05-28,29.7,TBBB
2026-05-28,29.7,PRVA
2026-05-28,29.9,TBPH
2026-05-28,30.0,MIR
2026-05-28,30.1,TOST
2026-05-28,30.2,PSEC
2026-05-28,30.3,ARDX
2026-05-28,30.3,SPNT
2026-05-28,30.3,AQN
2026-05-28,30.4,SWVL
2026-05-28,30.4,NLOP
2026-05-28,30.6,RELY
2026-05-28,30.6,WVE
2026-05-28,30.7,CCCS
2026-05-28,30.7,RITM
2026-05-28,30.9,GEL
2026-05-28,30.9,GOTU
2026-05-28,31.2,KEP
2026-05-28,31.2,BRAG
2026-05-28,31.2,UZE
2026-05-28,31.3,TPC
2026-05-28,31.3,ALTG
2026-03-20,31.4,TGNA
2026-05-28,31.6,NMFC
2026-05-28,31.7,COUR
2026-05-28,31.8,JFIN
2026-05-28,31.8,JMIA
2026-05-28,31.8,VRA
2026-05-28,31.8,DLX
2026-05-28,31.8,AURA
2026-05-28,31.8,HOWL
2026-05-28,31.9,CWK
2026-05-28,31.9,PSFE
2026-05-28,32.1,ASC
2026-05-28,32.1,KKRS
2026-05-28,32.2,NRDS
2026-05-28,32.2,ASLE
2026-05-28,32.2,EQX
2026-05-28,32.3,LBRT
2026-05-28,32.3,ATAT
2024-12-13,32.3,TBC
2026-05-28,32.4,GNW
2026-05-28,32.4,PUK
2026-05-28,32.5,TEVA
2026-05-28,32.5,EGY
2026-05-28,32.6,GT
2026-05-28,32.7,IRWD
2026-05-28,32.7,AROC
2026-05-28,32.8,WB
2026-05-28,32.9,BGC
2026-05-28,32.9,LFST
2026-05-28,32.9,UWMC
2026-05-28,33.0,SOUN
2026-05-28,33.0,CAPR
2026-05-28,33.2,MTG
2026-05-28,33.3,SOJD
2026-05-28,33.3,OBE
2026-05-28,33.3,DLO
2026-05-28,33.3,TIMB
2026-05-28,33.3,AMX
2026-05-28,33.3,RWT
2025-12-24,33.3,ELP
2026-05-28,33.3,FF
2026-05-28,33.5,SCM
2026-05-28,33.5,NLY
2026-05-28,33.5,CMRE
2026-05-28,33.5,OIS
2026-05-28,33.5,CTKB
2026-05-28,33.6,BIGC
2026-05-28,33.6,TPVG
2026-05-28,33.7,SDA
2026-05-28,33.8,BMEA
2026-05-28,33.9,PMT
2026-05-28,33.9,HIPO
2026-05-28,34.0,VTRS
2025-08-29,34.1,BRDG
2026-05-28,34.3,LENZ
2026-05-28,34.4,EWTX
2026-05-28,34.4,UGP
2026-05-28,34.5,COTY
2026-05-28,34.6,PBR
2026-05-28,34.7,MOMO
2026-05-28,34.8,GFI
2026-05-28,34.8,HCSG
2026-05-28,34.8,EVER
2026-05-28,34.9,NU
2026-05-28,35.0,ANVS
2026-05-28,35.1,BCSF
2026-05-28,35.4,TNGX
2026-05-28,35.4,AXGN
2026-05-28,35.4,FRO
2026-05-28,35.4,CHWY
2026-05-28,35.6,MWA
2026-05-28,35.6,SUZ
2026-05-28,35.7,NXE
2026-05-28,35.7,BORR
2026-05-28,35.8,FSLY
2026-05-28,35.8,BXMT
2026-05-28,35.9,VREX
2026-05-28,36.1,FLO
2026-05-28,36.1,ARLO
2026-05-28,36.2,ALEC
2026-05-28,36.3,MQ
2024-07-22,36.3,ETRN
2026-05-28,36.3,TU
2026-05-28,36.4,CODI
2026-05-28,36.4,HLMN
2026-05-28,36.4,FIP
2026-05-28,36.5,GRNT
2026-05-28,36.5,HTGC
2026-05-28,36.5,ARIS
2026-05-28,36.6,TAK
2026-05-28,36.6,BUR
2026-05-28,36.6,AMTB
2026-05-28,36.7,BHC
2026-05-28,36.7,ASUR
2026-05-28,36.7,TCRX
2026-05-28,36.8,SLRC
2026-05-28,36.9,BZ
2026-05-28,37.0,IGIC
2026-05-28,37.0,BYND
2026-05-28,37.0,FVRR
2026-05-28,37.0,HTZ
2026-05-28,37.1,APEI
2026-05-28,37.1,CNX
2026-05-28,37.2,BSBR
2026-05-28,37.2,CLVT
2026-05-28,37.2,BEKE
2026-05-28,37.4,AIZN
2026-05-28,37.5,QNST
2026-05-28,37.5,AMRX
2026-05-28,37.6,UZD
2026-05-28,37.6,DTST
2026-05-28,37.6,HRZN
2026-05-28,37.6,UEC
2026-05-28,37.6,KD
2026-05-28,37.7,AVD
2026-05-28,37.8,AMTX
2026-05-28,37.8,PWP
2026-05-28,37.8,NOAH
2026-05-28,37.9,DEI
2026-05-28,37.9,AVBP
2026-05-28,38.0,MD
2026-05-28,38.0,DNUT
2026-05-28,38.0,PGY
2026-05-28,38.1,EPM
2026-05-28,38.2,JRVR
2026-05-28,38.3,BCYC
2026-05-28,38.4,LAC
2026-05-28,38.4,PAGS
2026-05-28,38.5,OBDC
2026-05-28,38.5,BRSP
2026-05-28,38.5,UZF
2026-05-28,38.6,OSG
2026-05-28,38.6,RNGR
2026-05-28,38.7,VTS
2026-05-28,38.9,XPOF
2026-05-28,38.9,FBRT
2026-05-28,39.0,TTEC
2026-05-28,39.0,RSI
2026-05-28,39.0,BBDC
2026-05-28,39.0,ERII
2026-05-28,39.1,GTN
2026-05-28,39.3,ADMA
2025-12-18,39.3,BRY
2026-05-28,39.4,VFC
2026-05-28,39.4,INVA
2026-05-28,39.5,HAYW
2026-05-28,39.5,GTE
2026-05-28,39.5,HROW
2026-05-28,39.6,CERT
2024-09-04,39.6,DO
2026-05-28,39.6,HCAT
2026-05-28,39.6,PRDO
2026-05-28,39.7,BLCO
2026-05-28,39.8,CRK
2026-05-28,39.8,SJT
2026-05-28,39.9,NVST
2026-05-28,39.9,NAVI
2026-05-28,40.0,MBI
2026-05-07,40.0,CUK
2026-05-28,40.1,TSLX
2026-05-28,40.2,ACAD
2026-05-28,40.2,MFC
2026-05-28,40.2,BKD
2026-05-28,40.2,PR
2026-05-28,40.3,RES
2026-05-28,40.4,AESI
2026-05-28,40.4,LAAC
2026-05-28,40.5,CMTG
2026-05-28,40.5,AGI
2026-05-28,40.5,KLXE
2026-05-28,40.6,SRAD
2026-05-28,40.6,SGMT
2026-05-28,40.8,VOD
2026-05-28,40.8,SOJE
2026-05-28,40.9,EMBC
2026-05-28,41.0,GLAD
2026-05-28,41.0,MERC
2026-05-28,41.2,DRD
2026-05-28,41.5,ATNM
2026-05-28,41.5,AGRO
2026-05-28,41.5,CMPO
2026-05-28,41.5,ZLAB
2026-05-28,41.5,FNB
2026-05-28,41.6,CPNG
2026-05-28,41.7,SLM
2026-05-28,41.7,MAX
2026-05-28,41.7,LWAY
2026-05-28,41.8,BMBL
2026-05-28,41.9,EGAN
2026-05-28,42.0,AOMR
2026-01-23,42.0,ATXS
2026-05-28,42.0,AVXL
2026-05-28,42.0,GNE
2026-05-28,42.1,GRND
2026-05-28,42.2,VTEX
2026-05-28,42.2,CABA
2026-05-28,42.2,FCPT
2026-05-28,42.2,SOPH
2026-05-28,42.3,LSPD
2026-05-28,42.4,UAA
2026-05-28,42.4,UA
2026-05-28,42.4,EVCM
2026-05-28,42.4,GCMG
2026-05-28,42.5,OCUL
2026-05-28,42.5,XPRO
2026-05-28,42.5,CDLX
2026-05-28,42.5,ECVT
2026-05-28,42.5,DTIL
2026-05-28,42.6,SBH
2026-05-28,42.6,ZYME
2026-05-28,42.7,PAX
2026-05-28,42.7,CGNT
2026-05-28,42.8,TFPM
2026-05-28,42.8,ASB
2026-05-28,42.9,ACIC
2026-05-28,42.9,VET
2025-10-13,42.9,EPIX
2026-05-28,42.9,ACDC
2026-05-28,42.9,SMXT
2026-05-28,43.0,CAE
2026-05-28,43.0,GAIN
2026-05-28,43.0,STOK
2026-05-28,43.0,MUX
2026-05-28,43.1,CSWC
2026-05-28,43.1,FPI
2026-05-28,43.2,JBGS
2026-05-28,43.2,OPRA
2026-05-28,43.2,SNDX
2026-05-28,43.2,SREA
2026-05-28,43.2,ITUB
2026-05-28,43.3,DOLE
2026-05-28,43.4,KYTX
2026-05-28,43.4,CRGY
2026-05-28,43.4,CMSC
2026-05-28,43.5,CMSD
2026-05-28,43.5,NBBK
2026-05-11,43.6,UDMY
2026-05-28,43.6,SFL
2026-05-28,43.7,KEY
2026-05-28,43.8,WEAV
2026-05-28,43.8,INTR
2026-05-28,43.9,AGNC
2026-05-28,43.9,CLBT
2026-05-28,44.0,ASAN
2026-05-28,44.0,BMR
2026-05-28,44.1,WRBY
2026-05-28,44.2,HG
2026-05-28,44.2,PHR
2026-05-28,44.2,CGAU
2026-05-28,44.2,VIAV
2026-05-28,44.3,LXU
2026-05-28,44.4,EBF
2026-05-28,44.5,TLK
2026-05-28,44.6,INO
2026-05-28,44.6,MFA
2026-05-28,44.7,CCU
2026-05-28,44.7,TNYA
2026-05-28,44.8,ACVA
2026-05-28,44.8,GNK
2026-05-28,44.9,ADT
2026-05-28,44.9,KGC
2026-05-28,45.0,PAAS
2026-05-28,45.0,STTK
2026-05-28,45.0,T
2026-05-28,45.1,LYFT
2026-05-28,45.2,FSK
2026-05-28,45.3,GPRE
2026-05-28,45.4,SEAT
2026-05-28,45.5,ARR
2026-05-28,45.5,JAKK
2026-05-28,45.5,UTZ
2026-05-28,45.5,LYRA
2026-05-28,45.5,ORN
2026-05-28,45.5,ARCC
2026-05-28,45.6,REFI
2026-05-28,45.7,DCTH
2026-05-28,45.7,PTLO
2026-05-28,45.8,BANC
2025-01-31,45.8,ENLC
2026-05-28,45.8,AU
2026-05-28,45.8,VOC
2026-05-28,45.9,DX
2026-05-28,45.9,FWRG
2026-05-28,45.9,GTES
2026-05-28,45.9,KOS
2026-05-28,45.9,ZNTL
2026-05-28,46.0,YEXT
2026-05-28,46.0,ARHS
2026-05-28,46.0,SAFE
2026-05-28,46.0,PLOW
2026-05-28,46.0,CXM
2026-05-28,46.1,TME
2026-05-28,46.1,MATV
2026-05-28,46.2,FHN
2026-05-28,46.2,ANNX
2026-05-28,46.3,OWL
2026-05-28,46.4,LAND
2026-05-28,46.4,MP
2026-05-28,46.4,XNCR
2026-05-28,46.5,KRNT
2026-03-11,46.5,FTEL
2026-05-28,46.5,GLUE
2026-05-28,46.5,ACI
2026-05-28,46.5,YOU
2026-05-28,46.6,CBUS
2026-05-28,46.6,HLN
2026-05-28,46.6,EZPW
2026-05-28,46.6,AMSC
2025-07-25,46.8,VERV
2026-05-28,46.9,AG
2026-05-28,46.9,MLCO
2026-05-28,46.9,SSL
2025-10-17,47.0,SAND
2026-05-28,47.0,TCMD
2026-05-28,47.0,WT
2026-05-28,47.1,MITT
2026-05-28,47.1,VIRT
2026-05-28,47.1,SMR
2026-05-28,47.1,DH
2026-05-28,47.1,ACRE
2026-05-28,47.1,NMRA
2026-05-28,47.2,LADR
2026-05-28,47.2,BY
2026-05-28,47.3,PANL
2026-05-28,47.3,CVE
2026-05-28,47.3,ET
2026-05-28,47.3,PUMP
2026-05-28,47.3,TRTX
2026-05-28,47.3,ONB
2026-05-28,47.4,NTST
2026-05-28,47.4,QUAD
2026-05-28,47.4,NOTV
2026-05-28,47.4,BTMD
2026-05-28,47.5,EBC
2026-05-28,47.5,SD
2026-05-28,47.5,MGX
2026-05-28,47.5,BV
2026-05-28,47.5,WBD
2026-05-28,47.6,SHEN
2026-05-28,47.6,OCCI
2026-05-28,47.7,DSP
2026-05-28,47.7,OSW
2026-05-28,47.7,HAFC
2026-05-28,47.7,RSKD
2026-05-28,47.7,RCUS
2026-05-28,47.7,AS
2026-05-28,47.8,EH
2026-05-28,47.8,MAT
2026-05-28,47.9,GRFS
2026-05-28,47.9,IVR
2026-05-28,47.9,IMMR
2026-05-28,48.0,VYGR
2026-05-28,48.0,SNAP
2026-05-28,48.0,AMAL
2026-05-13,48.0,SNCY
2026-05-28,48.0,RGP
2026-05-28,48.1,GBDC
2026-05-28,48.1,OUT
2026-05-28,48.1,FSCO
2026-05-28,48.1,ISPR
2026-05-28,48.2,BOOM
2026-05-28,48.2,FFIC
2026-05-28,48.2,TALO
2026-05-28,48.3,AIV
2026-05-28,48.3,PTEN
2026-05-28,48.3,CVBF
2026-05-28,48.3,HBAN
2026-05-28,48.3,NPWR
2026-05-28,48.4,WDS
2026-05-28,48.4,GOLD
2026-05-28,48.4,PSO
2026-05-28,48.4,FLWS
2026-05-28,48.5,CNK
2026-05-28,48.5,OCFC
2026-05-28,48.6,CGC
2026-05-28,48.6,TASK
2026-05-28,48.6,HBNC
2026-05-28,48.7,VLRS
2026-05-28,48.7,ARCO
2026-05-28,48.7,LBTYK
2026-05-28,48.7,CX
2026-05-28,48.7,RF
2026-05-28,48.8,ESI
2026-05-28,48.8,LBTYA
2026-05-28,48.8,MDXG
2026-05-28,48.8,NTGR
2026-05-28,48.8,LAW
2026-05-28,48.8,IEP
2026-05-28,48.8,YMM
2026-05-28,48.9,SLN
2026-05-28,48.9,AM
2026-05-28,48.9,FULC
2026-05-28,48.9,PFS
2026-05-28,48.9,DOC
2026-05-28,49.0,CFFN
2026-05-28,49.0,TROX
2026-05-28,49.0,TYRA
2026-05-28,49.1,EGO
2026-05-28,49.1,ACTG
2026-05-28,49.1,PTA
2026-05-28,49.1,HIMS
2026-05-28,49.1,AVNS
2026-05-28,49.2,HFWA
2026-05-28,49.3,SPH
2026-05-28,49.3,FRSH
2026-05-28,49.3,DOMO
2026-05-28,49.4,FHB
2026-05-28,49.4,AVPT
2024-10-31,49.4,STER
2026-05-28,49.4,TRIN
2026-05-28,49.4,ADEA
2026-05-28,49.4,PBYI
2026-05-28,49.5,VIPS
2026-05-28,49.5,IBRX
2026-05-28,49.6,PLTK
2026-05-28,49.6,STEL
2024-11-20,49.6,EXAI
2026-05-28,49.6,CXW
2026-05-28,49.7,PDM
2026-05-28,49.8,SBRA
2026-05-28,49.8,ELAN
2026-05-28,49.9,AMCR
2026-05-28,50.0,HONE
2025-08-14,50.0,IGMS
2026-05-28,50.0,OLK
2026-05-28,50.0,EFTR
2026-05-28,50.0,SLRN
2026-05-28,50.0,REVG
2026-05-28,50.0,FNA
2026-05-28,50.0,GLDD
2026-05-28,50.0,GIFI
2026-05-28,50.0,RDUS
2026-05-28,50.0,AFMD
2026-05-28,50.0,GOGL
2022-07-08,50.0,MNMD
2026-05-28,50.0,HBI
2026-05-28,50.0,VBTX
2026-05-28,50.0,IE
2026-05-08,50.0,EWCZ
2026-05-28,50.0,ENFN
2026-05-28,50.0,IRBT
2026-05-28,50.0,APLT
2026-05-28,50.0,EFC
2026-05-28,50.0,HTBK
2026-05-28,50.0,RCM
2026-05-28,50.0,FLIC
2026-05-28,50.0,PLYA
2026-05-28,50.0,UMH
2026-05-28,50.0,TRML
2026-05-28,50.0,THRD
2025-02-11,50.0,MRNS
2026-05-28,50.0,DENN
2025-08-19,50.0,CRGX
2026-05-28,50.0,DCPH
2026-05-28,50.0,SLDB
2026-05-28,50.0,MOR
2026-05-28,50.0,SYRS
2026-05-28,50.0,CFB
2026-05-28,50.0,MODV
2026-05-28,50.0,NOVA
2026-05-28,50.0,ZYXI
2026-05-28,50.0,ADVM
2026-05-28,50.0,ZIMV
2026-05-28,50.0,CCRN
2026-05-28,50.0,SASR
2026-05-28,50.0,NYMT
2026-05-28,50.0,EQC
2026-05-28,50.0,APM
2026-05-28,50.0,VINC
2023-10-02,50.0,KLG
2026-05-28,50.0,IZM
2026-05-28,50.0,TWO
2026-05-28,50.0,ORC
2026-05-28,50.2,CTOS
2026-05-28,50.2,CELC
2026-05-28,50.3,ABEO
2026-01-28,50.4,SHCO
2026-05-28,50.5,TGS
2026-05-28,50.6,CPF
2026-05-28,50.7,CPS
2026-05-28,50.7,VERI
2026-05-28,50.8,PD
2026-05-28,50.8,COLB
2026-05-28,50.9,NEOG
2026-05-28,50.9,RIG
2026-05-28,50.9,EYPT
2026-05-28,51.0,EE
2026-05-28,51.1,HAIN
2026-05-28,51.1,SIGA
2026-05-28,51.1,IRS
2026-05-28,51.2,UFI
2026-05-28,51.3,RVLV
2026-05-28,51.4,PCG
2026-05-28,51.4,NGL
2026-05-28,51.4,DCOM
2026-05-28,51.5,LEG
2026-05-28,51.5,TITN
2026-05-28,51.5,SHC
2026-05-28,51.6,SPOK
2026-05-28,51.6,FA
2026-05-28,51.7,RKT
2026-05-28,51.7,FINV
2026-05-28,51.7,OI
2026-05-28,51.7,RWAY
2026-05-28,51.7,PLRX
2026-05-28,51.7,INFY
2026-05-28,51.7,EDAP
2025-08-18,51.7,STR
2026-05-28,51.8,KVHI
2026-05-28,51.8,PHUN
2026-05-28,51.9,FULT
2026-05-28,51.9,IRT
2026-05-28,51.9,ALT
2026-05-28,51.9,NAMS
2026-05-28,51.9,ALXO
2026-05-28,52.0,ZUMZ
2026-05-28,52.0,SKM
2026-05-28,52.0,SFNC
2026-05-28,52.0,SRG
2026-05-28,52.2,ALKT
2025-08-28,52.2,WBA
2026-05-28,52.2,TBI
2026-05-28,52.3,LFMD
2026-05-28,52.3,INTT
2026-05-28,52.3,TVC
2026-05-28,52.3,RLGT
2025-01-16,52.4,GATO
2026-05-28,52.4,ATEC
2025-01-08,52.4,ASAI
2026-05-28,52.4,LILAK
2026-05-28,52.5,HDSN
2026-05-28,52.6,HPP
2026-05-28,52.6,GOOD
2026-05-28,52.7,NEWT
2026-05-28,52.8,CECO
2024-06-28,52.9,HRT
2026-05-28,52.9,NOMD
2026-05-28,52.9,ZIP
2026-05-28,52.9,BCRX
2026-05-28,52.9,LILA
2026-05-28,53.0,GOGO
2026-05-28,53.0,CAAP
2026-05-28,53.0,SAR
2026-05-28,53.0,AFYA
2026-05-28,53.0,QURE
2026-05-28,53.0,LAUR
2026-05-28,53.1,CNOB
2026-05-28,53.2,SRI
2026-05-28,53.2,BLZE
2026-05-28,53.3,ARI
2026-05-28,53.3,KMI
2026-05-28,53.3,AAOI
2026-05-28,53.4,MYGN
2026-05-28,53.5,LE
2026-05-28,53.5,LC
2026-05-28,53.6,VRDN
2026-05-28,53.6,FBP
2026-05-28,53.7,KE
2026-05-28,53.7,KVUE
2026-05-28,53.7,KNOP
2026-05-28,53.8,BVN
2026-05-28,53.8,NVCR
2026-05-28,53.8,SBLK
2026-05-28,53.8,IMTX
2026-05-28,53.9,ACCO
2026-05-28,53.9,PHG
2026-05-28,54.0,MGNI
2026-05-28,54.0,KREF
2026-05-28,54.0,INMD
2026-05-28,54.0,DRVN
2026-05-28,54.1,ZVRA
2026-05-28,54.1,EOLS
2026-05-28,54.2,OSBC
2026-05-28,54.2,STNE
2026-05-28,54.2,HMY
2026-05-28,54.3,SPRY
2026-05-28,54.3,ESRT
2026-05-28,54.5,EARN
2026-05-28,54.5,DBX
2026-05-01,54.5,STKL
2026-05-28,54.6,SMHI
2026-05-28,54.6,AEHR
2026-05-28,54.6,ABSI
2026-05-28,54.7,HOPE
2026-05-28,54.7,CWAN
2026-05-28,54.8,KW
2026-05-28,54.8,FIHL
2026-05-28,54.9,CGEM
2026-05-28,54.9,FATE
2026-05-28,54.9,VIR
2026-05-28,55.0,NMR
2026-05-28,55.0,THRY
2026-05-28,55.0,HOMB
2026-05-28,55.0,RCEL
2026-05-28,55.0,MANU
2026-05-28,55.1,JBI
2026-05-28,55.3,ARLP
2026-05-28,55.3,DNOW
2026-05-28,55.5,CSTM
2026-05-28,55.5,KRNY
2026-05-28,55.5,FFBC
2026-05-28,55.5,MGTX
2024-10-03,55.6,AAN
2025-05-01,55.6,VCSA
2025-05-13,55.6,TSVT
2026-05-28,55.7,PGC
2026-05-28,55.8,JBLU
2026-05-28,55.8,BSM
2026-05-28,55.8,LXP
2026-05-28,55.9,GDRX
2026-05-28,56.0,ULCC
2026-05-28,56.0,ARQT
2026-05-28,56.1,RXRX
2026-05-28,56.1,FDUS
2026-05-28,56.1,ALIT
2026-05-28,56.1,CCL
2026-05-28,56.2,LFCR
2026-05-28,56.2,CLB
2026-05-28,56.2,FLNC
2026-05-28,56.3,TRAK
2026-05-28,56.3,KURA
2026-05-28,56.3,SUPV
2026-05-28,56.4,WWW
2026-05-28,56.4,KALV
2026-05-28,56.5,WEN
2026-05-28,56.5,BALY
2026-05-28,56.6,LZ
2026-05-28,56.6,LOVE
2026-05-28,56.6,NEXT
2026-05-28,56.6,SBGI
2026-05-28,56.7,NDMO
2026-05-28,56.7,IREN
2026-05-28,56.8,DAKT
2026-05-28,56.8,MYE
2026-05-28,56.9,AEG
2026-05-28,56.9,NWBI
2026-05-28,56.9,NWG
2026-05-28,57.0,OSCR
2026-05-28,57.0,LOMA
2026-05-28,57.1,URGN
2026-05-28,57.2,PAA
2026-05-28,57.2,GDYN
2025-07-02,57.2,RDFN
2026-05-28,57.3,DIBS
2026-05-28,57.3,VALE
2026-05-28,57.4,UNIT
2026-05-28,57.4,ABVX
2026-05-28,57.5,SA
2026-05-28,57.6,TIGO
2026-05-28,57.6,OGN
2026-05-28,57.7,CLAR
2025-07-21,57.8,FARO
2026-05-28,57.8,STKS
2026-05-28,57.8,LOCO
2026-05-28,57.8,CHGG
2026-05-28,57.8,PATH
2026-05-28,57.8,KRO
2026-05-28,57.9,ROIV
2026-05-19,57.9,MCW
2026-05-28,57.9,CUZ
2024-07-31,57.9,SLCA
2026-05-28,58.1,HNRG
2025-08-29,58.3,ITOS
2026-05-28,58.3,NCLH
2026-05-28,58.3,XPER
2026-05-28,58.5,BRX
2025-09-02,58.6,BRKL
2026-05-28,58.6,RDWR
2026-05-28,58.7,SATS
2025-07-01,58.7,SHYF
2026-05-28,58.8,ERO
2026-05-28,58.8,HR
2025-02-28,58.8,INFN
2026-05-28,58.8,OEC
2026-01-30,58.8,JAMF
2026-05-28,58.9,VLY
2026-05-28,59.1,AUTL
2026-05-28,59.2,SOFI
2026-05-28,59.2,EGBN
2026-05-28,59.3,MCS
2026-05-28,59.3,AKR
2026-05-28,59.3,ARQ
2026-05-28,59.3,CTRE
2026-05-28,59.4,BUSE
2026-05-28,59.5,BSAC
2026-05-28,59.5,PRME
2026-05-28,59.5,FCF
2026-05-28,59.5,DNLI
2026-05-28,59.5,XPEV
2026-05-28,59.5,GBTG
2026-05-28,59.6,BE
2026-05-28,59.6,SERA
2026-05-28,59.7,LEVI
2026-05-28,59.8,NFBK
2026-05-28,59.9,SWBI
2026-05-28,59.9,NATL
2026-05-28,59.9,ASTL
2026-05-28,59.9,BCS
2026-05-28,59.9,DAN
2026-05-28,60.0,RXO
2025-07-01,60.0,INZY
2026-05-28,60.0,LIND
2026-05-28,60.0,VITL
2026-01-27,60.0,PLYM
2026-05-28,60.0,PLTR
2025-04-14,60.0,PYCR
2026-05-28,60.0,GDOT
2026-05-28,60.1,EDIT
2018-10-30,60.1,PX
2026-05-28,60.2,UTI
2026-05-28,60.2,LTH
2026-04-01,60.2,FFWM
2026-05-28,60.2,RNA
2026-05-28,60.2,FORR
2026-05-28,60.3,UE
2024-06-04,60.3,FUSN
2026-05-28,60.4,CCSI
2026-05-28,60.4,CSIQ
2026-05-28,60.4,TDOC
2026-05-28,60.5,LCUT
2026-05-28,60.5,ADTN
2026-05-28,60.5,SMFG
2026-05-28,60.5,LMND
2026-05-28,60.5,ING
2026-05-28,60.5,KIM
2026-05-28,60.6,NOV
2026-05-28,60.6,GPRK
2026-05-28,60.6,RIVN
2026-05-28,60.6,SRRK
2026-05-28,60.7,COLD
2026-05-28,60.7,KRP
2026-05-28,60.7,ANGO
2026-05-28,60.8,PAGP
2026-05-28,60.8,UNFI
2026-05-28,60.9,MASS
2026-05-28,60.9,XHR
2026-05-28,61.0,CENX
2026-05-28,61.0,QUIK
2025-11-05,61.0,MRC
2026-05-28,61.1,METC
2025-02-12,61.1,ROIC
2026-05-28,61.1,BBAR
2026-05-28,61.3,MXL
2025-09-22,61.4,SPTN
2026-05-28,61.4,SVV
2026-05-28,61.4,MEI
2026-05-28,61.4,MITK
2026-05-28,61.4,SOC
2025-04-08,61.5,ACCD
2026-05-28,61.5,TILE
2025-09-12,61.5,OLO
2026-05-28,61.6,ARRY
2026-05-28,61.6,ENVX
2026-05-28,61.7,CRNC
2026-05-28,61.8,BCH
2026-05-28,61.8,IMAX
2026-05-28,61.8,SDHY
2026-05-28,61.9,CRDO
2026-05-28,62.0,CDNA
2026-05-28,62.1,FMS
2026-05-28,62.1,QTRX
2026-05-28,62.2,NNOX
2026-05-28,62.3,DB
2026-05-28,62.3,NXDT
2026-05-28,62.4,SIBN
2026-05-28,62.4,RPAY
2026-05-28,62.5,WTTR
2026-03-12,62.5,ALEX
2025-10-30,62.5,ETNB
2026-04-27,62.5,FOLD
2026-05-28,62.5,HOOD
2026-05-28,62.5,TH
2025-10-23,62.5,PBPB
2026-05-28,62.5,PACK
2026-05-28,62.6,PSTL
2026-05-28,62.6,CTO
2026-05-28,62.6,MARA
2026-05-28,62.6,BLFS
2026-05-28,62.6,NN
2026-05-28,62.8,NTCT
2026-05-28,62.8,LASR
2026-05-28,62.9,RILY
2026-05-28,63.0,HPK
2026-05-28,63.0,IVZ
2026-05-28,63.2,SHBI
2026-05-28,63.2,ERIC
2026-05-28,63.2,REPL
2026-05-28,63.2,STGW
2026-05-28,63.2,SONO
2026-05-28,63.3,OII
2024-09-18,63.4,HA
2026-05-28,63.5,DRH
2026-05-28,63.5,INDI
2026-05-28,63.5,IPWR
2026-05-28,63.6,QFIN
2026-05-28,63.6,EXTR
2024-11-13,63.6,INST
2026-05-28,63.9,CATO
2026-05-28,63.9,DBI
2026-05-28,63.9,RLAY
2026-05-28,64.1,KTOS
2026-05-28,64.1,ATRO
2024-12-03,64.1,VZIO
2026-05-28,64.2,KRG
2026-05-28,64.2,MRVI
2025-10-15,64.3,AVDX
2025-10-07,64.3,SCPH
2026-05-28,64.3,CNNE
2026-05-28,64.4,GENI
2026-05-28,64.5,MTUS
2026-05-28,64.6,MTRX
2026-05-28,64.7,PUBM
2026-05-28,64.7,CIFR
2026-05-28,64.8,BNL
2026-05-28,64.8,MUFG
2026-05-28,64.8,NRIX
2026-05-28,64.9,SHO
2026-05-28,64.9,ATOM
2026-05-28,64.9,MBC
2026-05-28,65.1,SAVA
2026-05-28,65.1,BBVA
2026-05-28,65.2,HIMX
2026-05-28,65.2,AISP
2025-12-23,65.2,IAS
2026-05-28,65.4,RUM
2025-10-23,65.4,MLNK
2026-05-28,65.5,PRM
2026-05-28,65.5,MNR
2026-05-28,65.5,AAL
2026-05-28,65.6,CCCC
2026-05-28,65.8,CRDF
2026-05-28,65.9,PLSE
2026-05-28,66.3,SSIC
2026-05-28,66.4,IFS
2026-05-28,66.4,MAC
2026-05-28,66.5,GEO
2026-05-28,66.5,BMEZ
2026-05-28,66.5,CWEN
2026-05-28,66.6,KN
2026-05-26,66.7,VRE
2026-05-28,66.7,DBRG
2026-04-23,66.7,DAWN
2025-04-02,66.7,NVRO
2025-06-25,66.7,LSEA
2026-05-28,67.0,SMWB
2026-05-28,67.0,PEB
2026-05-28,67.1,BOWL
2024-12-02,67.2,LBPH
2026-05-28,67.2,BWMX
2026-05-28,67.2,RUN
2026-05-28,67.3,BSTZ
2026-05-28,67.3,SKLZ
2026-05-28,67.3,HBM
2026-05-28,67.4,XRX
2025-12-09,67.4,SCS
2026-05-28,67.5,KMPB
2026-05-28,67.6,CSTL
2026-05-28,67.7,NEO
2026-05-28,67.9,ZETA
2026-05-28,68.2,BAK
2026-05-28,68.3,AMRC
2026-05-28,68.3,BAND
2026-05-28,68.3,QS
2026-05-28,68.3,RIOT
2026-02-12,68.4,AVDL
2026-05-28,68.7,PBT
2025-08-29,68.8,HMST
2025-07-01,68.8,EVRI
2025-12-09,69.0,AKRO
2026-05-28,69.0,HUT
2026-05-28,69.0,FNKO
2026-05-28,69.1,SVC
2026-05-28,69.2,ICL
2026-05-28,69.3,TAC
2026-05-28,69.4,CMPS
2026-05-28,69.4,JELD
2026-05-28,69.5,ASBA
2026-05-28,69.6,BEPC
2026-05-28,69.7,CPRX
2026-05-28,69.7,ASX
2026-05-28,69.7,S
2026-05-28,69.8,CDP
2026-05-28,69.8,INN
2026-05-28,69.9,PK
2024-10-07,70.0,VGR
2026-05-28,70.0,APLE
2026-01-08,70.0,CIO
2026-05-28,70.0,ALAR
2025-08-25,70.0,DNB
2024-10-01,70.0,PWSC
2026-05-28,70.1,BYRN
2026-05-28,70.1,HST
2026-05-28,70.1,COCO
2026-05-28,70.2,SNDR
2026-05-28,70.2,TVTX
2026-05-28,70.3,GNL
2026-05-28,70.3,DEA
2025-11-25,70.4,PINC
2026-05-28,70.5,ASPN
2026-05-28,70.5,FTHY
2026-05-28,70.6,ATEN
2026-05-28,70.7,TZOO
2026-05-28,70.8,BTDR
2025-02-05,70.8,CDMO
2026-05-28,70.9,LEGH
2025-01-23,71.0,USAP
2025-07-24,71.1,TGI
2026-05-28,71.1,AMCX
2026-05-28,71.1,WEST
2025-09-03,71.2,MAG
2026-05-28,71.2,NVRI
2026-05-28,71.2,CBL
2026-03-04,71.4,RAPT
2026-05-28,71.7,VMD
2026-05-28,71.7,TTMI
2026-05-28,71.7,EC
2026-05-28,71.7,IOVA
2026-05-28,71.8,JOBY
2026-05-28,71.9,UGI
2025-09-02,71.9,PPBI
2026-05-28,72.0,BEP
2026-05-28,72.1,LXFR
2026-05-28,72.1,RNW
2026-05-28,72.1,ACEL
2026-05-28,72.2,EXEL
2026-05-28,72.2,TBRG
2026-05-28,72.3,CLF
2026-05-28,72.3,AFCG
2026-05-28,72.4,ZGN
2025-10-07,72.5,VRNA
2026-05-28,72.6,VSAT
2026-04-28,72.7,SEMR
2026-05-28,72.8,TFSL
2026-05-28,72.9,INOD
2026-05-28,73.4,MGNX
2026-05-28,73.4,XMTR
2026-05-28,73.5,PLCE
2026-05-28,73.7,M
2025-08-15,73.9,GB
2026-05-28,74.0,VCYT
2026-05-28,74.0,SPIR
2026-05-28,74.0,CMP
2026-05-28,74.2,PENN
2026-05-28,74.3,MTLS
2026-05-28,74.4,GRPN
2026-05-28,74.5,MX
2026-05-28,74.7,AGL
2026-05-28,74.9,BOC
2026-05-28,74.9,BIGZ
2026-05-14,75.0,EHAB
2024-12-24,75.0,NAPA
2026-05-28,75.0,BCAT
2026-05-05,75.0,TERN
2026-05-28,75.4,CYRX
2026-05-28,75.5,RRGB
2026-05-28,75.6,IONQ
2026-05-28,76.1,AOSL
2024-10-25,76.2,PETQ
2026-05-28,76.3,CLSK
2026-01-20,76.4,FYBR
2026-05-28,76.5,VSCO
2026-03-10,76.5,EB
2025-02-14,76.6,SILV
2024-09-17,76.7,SILK
2026-05-28,76.8,HTLD
2026-05-28,76.8,LPRO
2026-05-28,76.9,AAT
2025-09-16,76.9,YMAB
2026-05-28,76.9,SHLS
2026-05-28,77.2,CRBU
2026-05-28,77.2,PCT
2025-10-09,77.3,SWIN
2026-05-28,77.3,GTX
2026-05-28,77.4,HPE
2026-05-28,77.5,VSTS
2026-05-28,77.7,BTU
2026-05-28,77.8,WSR
2026-05-06,77.8,PKST
2026-05-28,77.8,WIT
2026-05-28,77.9,OUST
2026-05-28,78.1,SSYS
2026-05-28,78.2,WGS
2026-05-28,78.3,SKYT
2026-04-21,78.7,MRCC
2026-05-28,78.7,F
2026-05-28,78.8,LESL
2026-05-28,79.0,LUNR
2026-05-28,79.2,BTSG
2026-05-28,79.3,YPF
2026-05-28,79.6,MRTN
2026-05-28,79.6,ECAT
2025-05-20,80.2,JWN
2026-05-28,80.4,DRS
2026-05-28,80.6,OSPN
2026-05-28,80.8,ARKO
2026-05-28,81.5,LUNG
2026-05-28,81.5,FLGT
2026-05-28,81.8,RLJ
2024-12-12,81.8,AY
2026-04-01,81.8,ONTF
2026-05-28,82.1,CRSR
2026-05-28,82.4,GEN
2026-01-08,82.8,HOUS
2026-05-08,83.0,CTLP
2026-05-28,83.2,LTRN
2026-05-28,83.5,HLIT
2026-05-28,84.0,OSUR
2026-05-28,84.1,TMCI
2024-10-01,84.2,SWN
2026-05-28,85.0,LQDA
2026-05-28,85.0,VSH
2025-05-15,86.0,DESP
2026-05-28,86.5,CLDT
2025-06-30,88.2,AGS
2026-05-28,88.5,AES
2026-05-28,89.9,GH
2026-05-28,90.8,OABI
2026-05-28,91.3,EGRX
2026-05-28,92.9,SXC
2026-05-28,93.3,OTLK
2026-05-28,95.5,UMC
2026-05-28,100.0,CTDD
2025-04-01,100.0,PTVE
2026-05-28,100.0,CTBB
