'AAL', 'AAN', 'AAOI', 'AAT', 'ABEO', 'ABR', 'ABSI', 'ABVX','ACAD', 'ACCD', 'ACCO', 'ACDC', 'ACEL', 'ACI', 'ACIC', 'ACRE', 'ACTG','ACVA', 'ADEA', 'ADMA', 'ADT', 
 'ADTN', 'ADVM', 'AEG', 'AEHR', 'AES', 'AESI', 'AFCG', 'AFMD', 'AFYA', 'AG', 'AGI', 'AGL', 'AGNC', 'AGRO','AGS', 'AHCO', 'AHH', 'AISP', 'AIV', 'AIZN', 'AKR', 'AKRO', 
 'ALAR','ALEC', 'ALEX', 'ALIT', 'ALKT', 'ALT', 'ALTG', 'ALXO', 'AM', 'AMAL', 'AMBC', 'AMCR', 'AMCX', 'AMPY', 'AMRC','AMRX', 'AMSC', 'AMSWA', 'AMTB', 'AMTX', 'AMX', 
 'ANAB', 'ANGO', 'ANNX', 'ANRO', 'ANVS', 'AOMR', 'AORT', 'AOSL', 'APEI', 'APLE', 'APLT','APM', 'AQN', 'AQNU', 'ARCC', 'ARCO', 'ARDX', 'ARHS', 'ARI', 'ARIS','ARKO', 'ARLO', 
 'ARLP', 'AROC', 'ARQ', 'ARQT', 'ARR', 'ARRY', 'AS','ASAI', 'ASAN', 'ASB', 'ASBA', 'ASC', 'ASLE', 'ASPN', 'ASTL', 'ASUR', 'ASX', 'ATAT', 'ATEC', 'ATEN', 'ATNM', 'ATOM', 
 'ATRO', 'ATXS', 'AU', 'AURA', 'AUTL', 'AVBP', 'AVD', 'AVDL', 'AVDX', 'AVNS', 'AVO', 'AVPT', 'AVXL', 'AXGN', 'AXL', 'AY', 'AZUL','BAK', 'BALY', 'BANC', 'BAND', 'BBAR', 
 'BBDC', 'BBVA', 'BCAT', 'BCH', 'BCRX', 'BCS', 'BCSF', 'BCYC', 'BE', 'BEKE', 'BEP', 'BEPC', 'BGC', 'BGS', 'BHC', 'BHLB', 'BIGC', 'BIGZ', 'BILI', 'BKD', 'BLCO', 'BLFS', 
 'BLZE', 'BMBL', 'BMEA', 'BMEZ', 'BMR', 'BNL', 'BOC', 'BOOM', 'BORR', 'BOWL', 'BRAG', 'BRDG', 'BRKL', 'BRSP', 'BRX', 'BRY', 'BSAC', 'BSBR', 'BSIG', 'BSM', 'BSTZ', 
 'BTDR', 'BTMD', 'BTSG', 'BTU', 'BUR', 'BUSE', 'BV', 'BVN', 'BVS', 'BWMX', 'BXMT', 'BY', 'BYND', 'BYRN', 'BZ', 'CAAP', 'CABA', 'CAE', 'CAPR', 'CARG', 'CARS', 'CATO', 'CBL', 
 'CBUS', 'CCAP', 'CCCC', 'CCCS', 'CCL', 'CCRN', 'CCSI', 'CCU', 'CDLX', 'CDMO', 'CDNA', 'CDP', 'CECO', 'CELC', 'CENX', 'CERT', 'CFB', 'CFFN', 'CGAU', 'CGBD', 'CGC', 'CGEM', 
 'CGNT', 'CHGG', 'CHWY', 'CIFR', 'CIO', 'CION', 'CLAR', 'CLB', 'CLBT', 'CLCO', 'CLDT', 'CLF', 'CLSK', 'CLVT', 'CMP', 'CMPO', 'CMPS', 'CMRE', 'CMSC', 'CMSD', 'CMTG', 'CNK', 
 'CNNE', 'CNOB', 'CNX', 'COCO', 'CODI', 'COGT', 'COLB', 'COLD', 'COTY', 'COUR', 'CPF', 'CPNG', 'CPRX', 'CPS', 'CRBU', 'CRDF', 'CRDO', 'CRGX', 'CRGY', 'CRK', 'CRNC', 'CRSR', 
 'CSAN', 'CSIQ', 'CSTL', 'CSTM', 'CSWC', 'CTBB', 'CTDD', 'CTKB', 'CTLP', 'CTO', 'CTOS', 'CTRE', 'CUK', 'CUZ', 'CVBF', 'CVE', 'CVRX', 'CWAN', 'CWEN', 'CWK', 'CX', 'CXM', 'CXW', 
 'CYRX', 'DAKT', 'DAN', 'DAWN', 'DB', 'DBI', 'DBRG', 'DBX', 'DCOM', 'DCPH', 'DCTH', 'DEA', 'DEI', 'DENN', 'DESP', 'DH', 'DHT', 'DIBS', 'DLO', 'DLX', 'DNB', 'DNLI', 
 'DNOW', 'DNUT', 'DO', 'DOC', 'DOLE', 'DOMO', 'DRCT', 'DRD', 'DRH', 'DRS', 'DRVN', 'DSP', 'DTIL', 'DTST', 'DVAX', 'DX', 'DXC', 'EARN', 'EB', 'EBC', 'EBF', 'EBR','EC', 
 'ECAT', 'ECVT', 'EDAP', 'EDIT', 'EE', 'EFC', 'EFTR', 'EGAN', 'EGBN', 'EGO', 'EGRX', 'EGY', 'EH', 'EHAB', 'EHTH', 'ELAN', 'ELEV', 'ELME', 'ELP', 'EMBC', 'ENFN', 'ENLC', 'ENTA', 
 'ENVX', 'EOLS', 'EPIX', 'EPM', 'EQC', 'EQX', 'ERIC', 'ERII', 'ERO', 'ESI', 'ESRT', 'ET', 'ETNB', 'ETRN', 'EVCM', 'EVER', 'EVRI', 'EWCZ', 'EWTX', 'EXAI', 'EXEL', 'EXPI', 
 'EXTR', 'EYE', 'EYPT', 'EZPW', 'F', 'FA', 'FARO', 'FATE', 'FBP', 'FBRT', 'FCF', 'FCPT', 'FDUS', 'FF', 'FFBC', 'FFIC', 'FFWM', 'FHB', 'FHN', 'FIHL', 'FINV', 'FIP', 'FLGT', 
 'FLIC', 'FLNC', 'FLO', 'FLWS', 'FLYW', 'FMS', 'FNA', 'FNB', 'FNKO', 'FOLD', 'FORR', 'FPI', 'FRO', 'FRSH', 'FSCO', 'FSK', 'FSLY', 'FTEL', 'FTHY', 'FULC', 'FULT', 'FUSN', 
 'FVRR', 'FWRG', 'FYBR', 'GAIN', 'GAMB', 'GATO', 'GB', 'GBDC', 'GBTG', 'GCMG', 'GDOT', 'GDRX', 'GDS', 'GDYN', 'GEL', 'GEN', 'GENI', 'GEO', 'GFI', 'GH', 'GIFI', 'GLAD', 'GLDD', 
 'GLNG', 'GLUE', 'GME', 'GMRE', 'GNE', 'GNK', 'GNL', 'GNW', 'GOGL', 'GOGO', 'GOLD', 'GOOD', 'GOOS', 'GOTU', 'GPRE', 'GPRK', 'GRFS', 'GRND', 'GRNT', 'GRPN', 'GSBD', 
 'GSL', 'GT', 'GTE', 'GTES', 'GTN', 'GTX', 'HA', 'HAFC', 'HAIN', 'HAYW', 'HBAN', 'HBI', 'HBM', 'HBNC', 'HCAT', 'HCM', 'HCSG', 'HDSN', 'HE', 'HEAR', 'HFWA', 'HG', 'HIMS', 
 'HIMX', 'HIPO', 'HLF', 'HLIT', 'HLMN', 'HLN', 'HLX', 'HMST', 'HMY', 'HNRG', 'HOMB', 'HONE', 'HOOD', 'HOPE', 'HOUS', 'HOWL', 'HPE', 'HPK', 'HPP', 'HR', 'HROW', 'HRT', 'HRTG', 
 'HRZN', 'HST', 'HTBK', 'HTGC', 'HTLD', 'HTZ', 'HUT', 'IAS', 'IBRX', 'ICL', 'IE', 'IEP', 'IFS', 'IGIC', 'IGMS', 'IGT', 'IIIV','IMAX', 'IMMR', 'IMTX', 'IMXI', 'INDI', 'INFN', 
 'INFY', 'ING', 'INMD', 'INN', 'INO', 'INOD', 'INST', 'INTR', 'INTT', 'INVA', 'INZY', 'IONQ', 'IOVA', 'IPWR', 'IRBT', 'IREN', 'IRS', 'IRT', 'IRWD', 'ISPR', 'ITOS', 'ITUB', 
 'IVR', 'IVZ', 'IZM', 'JAKK', 'JAMF', 'JBGS', 'JBI', 'JBLU', 'JELD', 'JFIN', 'JMIA', 'JOBY', 'JRVR', 'JWN', 'KALV', 'KAR', 'KD', 'KE', 'KEP', 'KEY', 'KGC', 'KIM', 'KKRS', 
 'KLG', 'KLXE', 'KMI', 'KMPB', 'KMT', 'KN', 'KNOP', 'KNSA', 'KOD', 'KOS', 'KREF', 'KRG', 'KRNT', 'KRNY', 'KRO', 'KRP', 'KT', 'KTOS', 'KURA', 'KVHI', 'KVUE', 'KW', 'KYTX', 
 'LAAC', 'LAC', 'LADR', 'LAND', 'LASR', 'LAUR', 'LAW', 'LBPH', 'LBRT', 'LBTYA', 'LBTYK', 'LC', 'LCUT', 'LE', 'LEG', 'LEGH', 'LENZ', 'LESL', 'LEVI', 'LFCR', 'LFMD', 'LFST', 
 'LILA', 'LILAK', 'LIND', 'LMND', 'LOCO', 'LOMA', 'LOVE', 'LPRO', 'LQDA', 'LSEA', 'LSPD', 'LTH', 'LTRN', 'LUNG', 'LUNR', 'LWAY', 'LXFR', 'LXP', 'LXU', 'LYFT', 'LYRA', 'LZ', 
 'M', 'MAC', 'MAG', 'MANU', 'MARA', 'MASS', 'MAT', 'MATV', 'MAX', 'MBC', 'MBI', 'MCS', 'MCW', 'MD', 'MDXG', 'MEI', 'MERC', 'METC', 'MFA', 'MFC', 'MFIC', 'MGNI', 'MGNX', 'MGTX', 
 'MGX', 'MIR', 'MITK', 'MITT', 'MLCO', 'MLNK', 'MNMD', 'MNR', 'MNSO', 'MODG', 'MODV', 'MOMO', 'MOR', 'MP', 'MQ', 'MRC', 'MRCC', 'MRNS', 'MRTN', 'MRVI', 'MTG', 'MTLS', 'MTRX', 
 'MTUS', 'MTW', 'MUFG', 'MUX', 'MWA', 'MX', 'MXL', 'MYE', 'MYGN', 'NABL', 'NAMS', 'NAPA', 'NATL', 'NAVI', 'NBBK', 'NCLH', 'NCMI', 'NDMO','NEO', 'NEOG', 'NEWT', 'NEXT', 'NFBK', 
 'NGL', 'NLOP', 'NLY', 'NMFC', 'NMR', 'NMRA', 'NMRK', 'NN', 'NNOX', 'NOAH', 'NOMD', 'NOTV', 'NOV', 'NOVA', 'NPWR', 'NR', 'NRDS', 'NRIX', 'NTCT', 'NTGR', 'NTST', 'NU', 'NUS', 
 'NVCR', 'NVRI', 'NVRO', 'NVST', 'NWBI', 'NWG', 'NWL', 'NXDT', 'NXE', 'NYMT', 'OABI', 'OBDC', 'OBE', 'OCCI', 'OCFC', 'OCSL', 'OCUL', 'OEC', 'OFIX', 'OGN', 'OI', 'OII', 'OIS', 
 'OLK', 'OLMA', 'OLO', 'ONB', 'ONTF', 'OPRA', 'OPRX', 'OR', 'ORC', 'ORN', 'OSBC', 'OSCR', 'OSG', 'OSPN', 'OSUR', 'OSW', 'OTLK', 'OUST', 'OUT', 'OWL', 'PAA', 'PAAS', 
 'PACK', 'PAGP', 'PAGS', 'PANL', 'PARA', 'PATH', 'PAX', 'PAY', 'PBPB', 'PBR', 'PBT', 'PBYI', 'PCG', 'PCT', 'PD', 'PDM', 'PEB', 'PENN', 'PERI', 'PETQ', 'PFLT', 'PFS', 'PGC', 
 'PGY', 'PHAT','PHG', 'PHR', 'PHUN', 'PINC', 'PK', 'PKST', 'PLCE', 'PLL', 'PLOW', 'PLRX', 'PLSE', 'PLTK', 'PLTR', 'PLYA', 'PLYM', 'PMT', 'PNNT', 'PPBI', 'PR', 'PRA', 'PRDO', 
 'PRM', 'PRME', 'PRMW', 'PRVA', 'PSEC', 'PSFE', 'PSO', 'PSTL', 'PTA', 'PTEN', 'PTLO', 'PTVE', 'PUBM', 'PUK', 'PUMP', 'PWP', 'PWSC', 'PX', 'PYCR', 'QFIN', 'QNST', 'QS', 'QTRX',
 'QUAD', 'QUIK', 'QURE', 'RAPT', 'RC', 'RCEL', 'RCM', 'RCUS', 'RDFN', 'RDUS', 'RDWR', 'REFI', 'RELY', 'REPL', 'RES', 'REVG', 'REZI', 'RF', 'RGNX', 'RGP', 'RIG', 
 'RILY', 'RIOT', 'RITM', 'RIVN', 'RKT', 'RLAY', 'RLGT', 'RLJ', 'RMAX', 'RMBL', 'RNA', 'RNGR', 'RNW', 'ROIC', 'ROIV', 'RPAY', 'RRGB', 'RSI', 'RSKD', 'RUM', 'RUN', 'RVLV', 
 'RWAY', 'RWT', 'RXO', 'RXRX', 'S', 'SA', 'SAFE', 'SAGE', 'SANA', 'SAND', 'SAR', 'SASR', 'SATS', 'SAVA', 'SBGI', 'SBH', 'SBLK', 'SBRA', 'SBS', 'SCM', 'SCPH', 'SCS', 'SD', 
 'SDA', 'SDHY', 'SEAT', 'SEMR', 'SERA', 'SFB', 'SFL', 'SFNC', 'SGML', 'SGMT', 'SHBI', 'SHC', 'SHCO', 'SHEN', 'SHIP', 'SHLS', 'SHO', 'SHYF', 'SIBN', 'SIGA', 'SILK', 'SILV', 
 'SITC', 'SJT', 'SKLZ', 'SKM', 'SKYT', 'SLCA', 'SLDB', 'SLM', 'SLN', 'SLRC', 'SLRN', 'SMFG', 'SMHI', 'SMR', 'SMWB', 'SMXT', 'SNAP', 'SNBR', 'SNCY', 'SNDR', 'SNDX', 'SOC', 
 'SOFI', 'SOJD', 'SOJE', 'SONO', 'SOPH', 'SOUN', 'SPH', 'SPIR', 'SPNT', 'SPOK', 'SPRY', 'SPTN', 'SRAD', 'SREA', 'SRG', 'SRI', 'SRRK', 'SSIC', 'SSL', 'SSYS', 'STEL', 
 'STER', 'STGW', 'STKL', 'STKS', 'STNE', 'STOK', 'STR', 'STTK', 'STWD', 'SUPV', 'SUZ', 'SVC', 'SVV', 'SWBI', 'SWI', 'SWIN', 'SWN', 'SWVL', 'SXC', 'SYRS', 'T', 'TAC', 'TAK', 
 'TAL', 'TALO', 'TASK', 'TBB', 'TBBB', 'TBC', 'TBI', 'TBPH', 'TBRG', 'TCMD', 'TCPC', 'TCRX', 'TDOC', 'TDS', 'TERN', 'TEVA', 'TFPM', 'TFSL', 'TG', 'TGI', 'TGNA', 'TGS', 'TGTX', 
 'TH', 'THRD', 'THRY', 'TIGO', 'TILE', 'TIMB', 'TITN', 'TIXT', 'TK', 'TKC', 'TLK', 'TMCI', 'TME', 'TNGX', 'TNYA', 'TOST', 'TPC', 'TPVG', 'TRAK', 'TRIN', 'TRML', 'TROX', 
 'TRTX', 'TSLX', 'TSVT', 'TTEC', 'TTMI', 'TU', 'TVC', 'TVTX', 'TWI', 'TWO', 'TYRA', 'TZOO', 'UA', 'UAA', 'UDMY', 'UE', 'UEC', 'UFI', 'UGI', 'UGP', 'ULCC', 'UMC', 
 'UMH', 'UNFI', 'UNIT', 'UPWK', 'URGN', 'USAP', 'UTI', 'UTZ', 'UUUU', 'UVE', 'UWMC', 'UZD', 'UZE', 'UZF', 'VALE', 'VBTX', 'VCSA', 'VCYT', 'VERI', 'VERV', 'VET', 'VFC', 'VGR', 
 'VIAV', 'VINC', 'VIPS', 'VIR', 'VIRT', 'VITL', 'VIV', 'VLRS', 'VLY', 'VMD', 'VOC', 'VOD', 'VRA', 'VRCA', 'VRDN', 'VRE', 'VREX', 'VRNA', 'VSAT', 'VSCO', 'VSH', 'VSTM', 'VSTS', 
 'VTEX', 'VTRS', 'VTS', 'VYGR', 'VYX', 'VZIO', 'WB', 'WBA', 'WBD', 'WDS', 'WEAV', 'WEN', 'WEST', 'WGS', 'WIT', 'WRBY', 'WSR', 'WT', 'WTTR', 'WU', 'WVE', 'WWW', 'XHR', 'XMTR', 
 'XNCR', 'XPER', 'XPEV', 'XPOF', 'XPRO', 'XRX', 'YEXT', 'YMAB', 'YMM', 'YOU', 'YPF', 'ZETA', 'ZGN', 'ZI', 'ZIM', 'ZIMV', 'ZIP', 'ZLAB', 'ZNTL', 'ZTO', 'ZUMZ', 'ZVRA', 'ZYME', 
 'ZYXI'
